Image,IsFace
annotated_face\face\image0.jpg,1.0
annotated_face\face\image1.jpg,1.0
annotated_face\face\image10.jpg,1.0
annotated_face\face\image100.jpg,1.0
annotated_face\face\image1000.jpg,1.0
annotated_face\face\image1001.jpg,1.0
annotated_face\face\image1002.jpg,1.0
annotated_face\face\image1003.jpg,1.0
annotated_face\face\image1004.jpg,1.0
annotated_face\face\image1005.jpg,1.0
annotated_face\face\image1006.jpg,1.0
annotated_face\face\image1007.jpg,1.0
annotated_face\face\image1008.jpg,1.0
annotated_face\face\image1009.jpg,1.0
annotated_face\face\image101.jpg,1.0
annotated_face\face\image1010.jpg,1.0
annotated_face\face\image1011.jpg,1.0
annotated_face\face\image1012.jpg,1.0
annotated_face\face\image1013.jpg,1.0
annotated_face\face\image1014.jpg,1.0
annotated_face\face\image1015.jpg,1.0
annotated_face\face\image1016.jpg,1.0
annotated_face\face\image1017.jpg,1.0
annotated_face\face\image1018.jpg,1.0
annotated_face\face\image1019.jpg,1.0
annotated_face\face\image102.jpg,1.0
annotated_face\face\image1020.jpg,1.0
annotated_face\face\image1021.jpg,1.0
annotated_face\face\image1022.jpg,1.0
annotated_face\face\image1023.jpg,1.0
annotated_face\face\image1024.jpg,1.0
annotated_face\face\image1025.jpg,1.0
annotated_face\face\image1026.jpg,1.0
annotated_face\face\image1027.jpg,1.0
annotated_face\face\image1028.jpg,1.0
annotated_face\face\image1029.jpg,1.0
annotated_face\face\image103.jpg,1.0
annotated_face\face\image1030.jpg,1.0
annotated_face\face\image1031.jpg,1.0
annotated_face\face\image1032.jpg,1.0
annotated_face\face\image1033.jpg,1.0
annotated_face\face\image1034.jpg,1.0
annotated_face\face\image1035.jpg,1.0
annotated_face\face\image1036.jpg,1.0
annotated_face\face\image1037.jpg,1.0
annotated_face\face\image1038.jpg,1.0
annotated_face\face\image1039.jpg,1.0
annotated_face\face\image104.jpg,1.0
annotated_face\face\image1040.jpg,1.0
annotated_face\face\image1041.jpg,1.0
annotated_face\face\image1042.jpg,1.0
annotated_face\face\image1043.jpg,1.0
annotated_face\face\image1044.jpg,1.0
annotated_face\face\image1045.jpg,1.0
annotated_face\face\image1046.jpg,1.0
annotated_face\face\image1047.jpg,1.0
annotated_face\face\image1048.jpg,1.0
annotated_face\face\image1049.jpg,1.0
annotated_face\face\image105.jpg,1.0
annotated_face\face\image1050.jpg,1.0
annotated_face\face\image1051.jpg,1.0
annotated_face\face\image1052.jpg,1.0
annotated_face\face\image1053.jpg,1.0
annotated_face\face\image1054.jpg,1.0
annotated_face\face\image1055.jpg,1.0
annotated_face\face\image1056.jpg,1.0
annotated_face\face\image1057.jpg,1.0
annotated_face\face\image1058.jpg,1.0
annotated_face\face\image1059.jpg,1.0
annotated_face\face\image106.jpg,1.0
annotated_face\face\image1060.jpg,1.0
annotated_face\face\image1061.jpg,1.0
annotated_face\face\image1062.jpg,1.0
annotated_face\face\image1063.jpg,1.0
annotated_face\face\image1064.jpg,1.0
annotated_face\face\image1065.jpg,1.0
annotated_face\face\image1066.jpg,1.0
annotated_face\face\image1067.jpg,1.0
annotated_face\face\image1068.jpg,1.0
annotated_face\face\image1069.jpg,1.0
annotated_face\face\image107.jpg,1.0
annotated_face\face\image1070.jpg,1.0
annotated_face\face\image1071.jpg,1.0
annotated_face\face\image1072.jpg,1.0
annotated_face\face\image1073.jpg,1.0
annotated_face\face\image1074.jpg,1.0
annotated_face\face\image1075.jpg,1.0
annotated_face\face\image1076.jpg,1.0
annotated_face\face\image1077.jpg,1.0
annotated_face\face\image1078.jpg,1.0
annotated_face\face\image1079.jpg,1.0
annotated_face\face\image108.jpg,1.0
annotated_face\face\image1080.jpg,1.0
annotated_face\face\image1081.jpg,1.0
annotated_face\face\image1082.jpg,1.0
annotated_face\face\image1083.jpg,1.0
annotated_face\face\image1084.jpg,1.0
annotated_face\face\image1085.jpg,1.0
annotated_face\face\image1086.jpg,1.0
annotated_face\face\image1087.jpg,1.0
annotated_face\face\image1088.jpg,1.0
annotated_face\face\image1089.jpg,1.0
annotated_face\face\image109.jpg,1.0
annotated_face\face\image1090.jpg,1.0
annotated_face\face\image1091.jpg,1.0
annotated_face\face\image1092.jpg,1.0
annotated_face\face\image1093.jpg,1.0
annotated_face\face\image1094.jpg,1.0
annotated_face\face\image1095.jpg,1.0
annotated_face\face\image1096.jpg,1.0
annotated_face\face\image1097.jpg,1.0
annotated_face\face\image1098.jpg,1.0
annotated_face\face\image1099.jpg,1.0
annotated_face\face\image11.jpg,1.0
annotated_face\face\image110.jpg,1.0
annotated_face\face\image1100.jpg,1.0
annotated_face\face\image1101.jpg,1.0
annotated_face\face\image1102.jpg,1.0
annotated_face\face\image1103.jpg,1.0
annotated_face\face\image1104.jpg,1.0
annotated_face\face\image1105.jpg,1.0
annotated_face\face\image1106.jpg,1.0
annotated_face\face\image1107.jpg,1.0
annotated_face\face\image1108.jpg,1.0
annotated_face\face\image1109.jpg,1.0
annotated_face\face\image111.jpg,1.0
annotated_face\face\image1110.jpg,1.0
annotated_face\face\image1111.jpg,1.0
annotated_face\face\image1112.jpg,1.0
annotated_face\face\image1113.jpg,1.0
annotated_face\face\image1114.jpg,1.0
annotated_face\face\image1115.jpg,1.0
annotated_face\face\image1116.jpg,1.0
annotated_face\face\image1117.jpg,1.0
annotated_face\face\image1118.jpg,1.0
annotated_face\face\image1119.jpg,1.0
annotated_face\face\image112.jpg,1.0
annotated_face\face\image1120.jpg,1.0
annotated_face\face\image1121.jpg,1.0
annotated_face\face\image1122.jpg,1.0
annotated_face\face\image1123.jpg,1.0
annotated_face\face\image1124.jpg,1.0
annotated_face\face\image1125.jpg,1.0
annotated_face\face\image1126.jpg,1.0
annotated_face\face\image1127.jpg,1.0
annotated_face\face\image1128.jpg,1.0
annotated_face\face\image1129.jpg,1.0
annotated_face\face\image113.jpg,1.0
annotated_face\face\image1130.jpg,1.0
annotated_face\face\image1131.jpg,1.0
annotated_face\face\image1132.jpg,1.0
annotated_face\face\image1133.jpg,1.0
annotated_face\face\image1134.jpg,1.0
annotated_face\face\image1135.jpg,1.0
annotated_face\face\image1136.jpg,1.0
annotated_face\face\image1137.jpg,1.0
annotated_face\face\image1138.jpg,1.0
annotated_face\face\image1139.jpg,1.0
annotated_face\face\image114.jpg,1.0
annotated_face\face\image1140.jpg,1.0
annotated_face\face\image1141.jpg,1.0
annotated_face\face\image1142.jpg,1.0
annotated_face\face\image1143.jpg,1.0
annotated_face\face\image1144.jpg,1.0
annotated_face\face\image1145.jpg,1.0
annotated_face\face\image1146.jpg,1.0
annotated_face\face\image1147.jpg,1.0
annotated_face\face\image1148.jpg,1.0
annotated_face\face\image1149.jpg,1.0
annotated_face\face\image115.jpg,1.0
annotated_face\face\image1150.jpg,1.0
annotated_face\face\image1151.jpg,1.0
annotated_face\face\image1152.jpg,1.0
annotated_face\face\image1153.jpg,1.0
annotated_face\face\image1154.jpg,1.0
annotated_face\face\image1155.jpg,1.0
annotated_face\face\image1156.jpg,1.0
annotated_face\face\image1157.jpg,1.0
annotated_face\face\image1158.jpg,1.0
annotated_face\face\image1159.jpg,1.0
annotated_face\face\image116.jpg,1.0
annotated_face\face\image1160.jpg,1.0
annotated_face\face\image1161.jpg,1.0
annotated_face\face\image1162.jpg,1.0
annotated_face\face\image1163.jpg,1.0
annotated_face\face\image1164.jpg,1.0
annotated_face\face\image1165.jpg,1.0
annotated_face\face\image1166.jpg,1.0
annotated_face\face\image1167.jpg,1.0
annotated_face\face\image1168.jpg,1.0
annotated_face\face\image1169.jpg,1.0
annotated_face\face\image117.jpg,1.0
annotated_face\face\image1170.jpg,1.0
annotated_face\face\image1171.jpg,1.0
annotated_face\face\image1172.jpg,1.0
annotated_face\face\image1173.jpg,1.0
annotated_face\face\image1174.jpg,1.0
annotated_face\face\image1175.jpg,1.0
annotated_face\face\image1176.jpg,1.0
annotated_face\face\image1177.jpg,1.0
annotated_face\face\image1178.jpg,1.0
annotated_face\face\image1179.jpg,1.0
annotated_face\face\image118.jpg,1.0
annotated_face\face\image1180.jpg,1.0
annotated_face\face\image1181.jpg,1.0
annotated_face\face\image1182.jpg,1.0
annotated_face\face\image1183.jpg,1.0
annotated_face\face\image1184.jpg,1.0
annotated_face\face\image1185.jpg,1.0
annotated_face\face\image1186.jpg,1.0
annotated_face\face\image1187.jpg,1.0
annotated_face\face\image1188.jpg,1.0
annotated_face\face\image1189.jpg,1.0
annotated_face\face\image119.jpg,1.0
annotated_face\face\image1190.jpg,1.0
annotated_face\face\image1191.jpg,1.0
annotated_face\face\image1192.jpg,1.0
annotated_face\face\image1193.jpg,1.0
annotated_face\face\image1194.jpg,1.0
annotated_face\face\image1195.jpg,1.0
annotated_face\face\image1196.jpg,1.0
annotated_face\face\image1197.jpg,1.0
annotated_face\face\image1198.jpg,1.0
annotated_face\face\image1199.jpg,1.0
annotated_face\face\image12.jpg,1.0
annotated_face\face\image120.jpg,1.0
annotated_face\face\image1200.jpg,1.0
annotated_face\face\image1201.jpg,1.0
annotated_face\face\image1202.jpg,1.0
annotated_face\face\image1203.jpg,1.0
annotated_face\face\image1204.jpg,1.0
annotated_face\face\image1205.jpg,1.0
annotated_face\face\image1206.jpg,1.0
annotated_face\face\image1207.jpg,1.0
annotated_face\face\image1208.jpg,1.0
annotated_face\face\image1209.jpg,1.0
annotated_face\face\image121.jpg,1.0
annotated_face\face\image1210.jpg,1.0
annotated_face\face\image1211.jpg,1.0
annotated_face\face\image1212.jpg,1.0
annotated_face\face\image1213.jpg,1.0
annotated_face\face\image1214.jpg,1.0
annotated_face\face\image1215.jpg,1.0
annotated_face\face\image1216.jpg,1.0
annotated_face\face\image1217.jpg,1.0
annotated_face\face\image1218.jpg,1.0
annotated_face\face\image1219.jpg,1.0
annotated_face\face\image122.jpg,1.0
annotated_face\face\image1220.jpg,1.0
annotated_face\face\image1221.jpg,1.0
annotated_face\face\image1222.jpg,1.0
annotated_face\face\image1223.jpg,1.0
annotated_face\face\image1224.jpg,1.0
annotated_face\face\image1225.jpg,1.0
annotated_face\face\image1226.jpg,1.0
annotated_face\face\image1227.jpg,1.0
annotated_face\face\image1228.jpg,1.0
annotated_face\face\image1229.jpg,1.0
annotated_face\face\image123.jpg,1.0
annotated_face\face\image1230.jpg,1.0
annotated_face\face\image1231.jpg,1.0
annotated_face\face\image1232.jpg,1.0
annotated_face\face\image1233.jpg,1.0
annotated_face\face\image1234.jpg,1.0
annotated_face\face\image1235.jpg,1.0
annotated_face\face\image1236.jpg,1.0
annotated_face\face\image1237.jpg,1.0
annotated_face\face\image1238.jpg,1.0
annotated_face\face\image1239.jpg,1.0
annotated_face\face\image124.jpg,1.0
annotated_face\face\image1240.jpg,1.0
annotated_face\face\image1241.jpg,1.0
annotated_face\face\image1242.jpg,1.0
annotated_face\face\image1243.jpg,1.0
annotated_face\face\image1244.jpg,1.0
annotated_face\face\image1245.jpg,1.0
annotated_face\face\image1246.jpg,1.0
annotated_face\face\image1247.jpg,1.0
annotated_face\face\image1248.jpg,1.0
annotated_face\face\image1249.jpg,1.0
annotated_face\face\image125.jpg,1.0
annotated_face\face\image1250.jpg,1.0
annotated_face\face\image1251.jpg,1.0
annotated_face\face\image1252.jpg,1.0
annotated_face\face\image1253.jpg,1.0
annotated_face\face\image1254.jpg,1.0
annotated_face\face\image1255.jpg,1.0
annotated_face\face\image1256.jpg,1.0
annotated_face\face\image1257.jpg,1.0
annotated_face\face\image1258.jpg,1.0
annotated_face\face\image1259.jpg,1.0
annotated_face\face\image126.jpg,1.0
annotated_face\face\image1260.jpg,1.0
annotated_face\face\image1261.jpg,1.0
annotated_face\face\image1262.jpg,1.0
annotated_face\face\image1263.jpg,1.0
annotated_face\face\image1264.jpg,1.0
annotated_face\face\image1265.jpg,1.0
annotated_face\face\image1266.jpg,1.0
annotated_face\face\image1267.jpg,1.0
annotated_face\face\image1268.jpg,1.0
annotated_face\face\image1269.jpg,1.0
annotated_face\face\image127.jpg,1.0
annotated_face\face\image1270.jpg,1.0
annotated_face\face\image1271.jpg,1.0
annotated_face\face\image1272.jpg,1.0
annotated_face\face\image1273.jpg,1.0
annotated_face\face\image1274.jpg,1.0
annotated_face\face\image1275.jpg,1.0
annotated_face\face\image1276.jpg,1.0
annotated_face\face\image1277.jpg,1.0
annotated_face\face\image1278.jpg,1.0
annotated_face\face\image1279.jpg,1.0
annotated_face\face\image128.jpg,1.0
annotated_face\face\image1280.jpg,1.0
annotated_face\face\image1281.jpg,1.0
annotated_face\face\image1282.jpg,1.0
annotated_face\face\image1283.jpg,1.0
annotated_face\face\image1284.jpg,1.0
annotated_face\face\image1285.jpg,1.0
annotated_face\face\image1286.jpg,1.0
annotated_face\face\image1287.jpg,1.0
annotated_face\face\image1288.jpg,1.0
annotated_face\face\image1289.jpg,1.0
annotated_face\face\image129.jpg,1.0
annotated_face\face\image1290.jpg,1.0
annotated_face\face\image1291.jpg,1.0
annotated_face\face\image1292.jpg,1.0
annotated_face\face\image1293.jpg,1.0
annotated_face\face\image1294.jpg,1.0
annotated_face\face\image1295.jpg,1.0
annotated_face\face\image1296.jpg,1.0
annotated_face\face\image1297.jpg,1.0
annotated_face\face\image1298.jpg,1.0
annotated_face\face\image1299.jpg,1.0
annotated_face\face\image13.jpg,1.0
annotated_face\face\image130.jpg,1.0
annotated_face\face\image1300.jpg,1.0
annotated_face\face\image1301.jpg,1.0
annotated_face\face\image1302.jpg,1.0
annotated_face\face\image1303.jpg,1.0
annotated_face\face\image1304.jpg,1.0
annotated_face\face\image1305.jpg,1.0
annotated_face\face\image1306.jpg,1.0
annotated_face\face\image1307.jpg,1.0
annotated_face\face\image1308.jpg,1.0
annotated_face\face\image1309.jpg,1.0
annotated_face\face\image131.jpg,1.0
annotated_face\face\image1310.jpg,1.0
annotated_face\face\image1311.jpg,1.0
annotated_face\face\image1312.jpg,1.0
annotated_face\face\image1313.jpg,1.0
annotated_face\face\image1314.jpg,1.0
annotated_face\face\image1315.jpg,1.0
annotated_face\face\image1316.jpg,1.0
annotated_face\face\image1317.jpg,1.0
annotated_face\face\image1318.jpg,1.0
annotated_face\face\image1319.jpg,1.0
annotated_face\face\image132.jpg,1.0
annotated_face\face\image1320.jpg,1.0
annotated_face\face\image1321.jpg,1.0
annotated_face\face\image1322.jpg,1.0
annotated_face\face\image1323.jpg,1.0
annotated_face\face\image1324.jpg,1.0
annotated_face\face\image1325.jpg,1.0
annotated_face\face\image1326.jpg,1.0
annotated_face\face\image1327.jpg,1.0
annotated_face\face\image1328.jpg,1.0
annotated_face\face\image1329.jpg,1.0
annotated_face\face\image133.jpg,1.0
annotated_face\face\image1330.jpg,1.0
annotated_face\face\image1331.jpg,1.0
annotated_face\face\image1332.jpg,1.0
annotated_face\face\image1333.jpg,1.0
annotated_face\face\image1334.jpg,1.0
annotated_face\face\image1335.jpg,1.0
annotated_face\face\image1336.jpg,1.0
annotated_face\face\image1337.jpg,1.0
annotated_face\face\image1338.jpg,1.0
annotated_face\face\image1339.jpg,1.0
annotated_face\face\image134.jpg,1.0
annotated_face\face\image1340.jpg,1.0
annotated_face\face\image1341.jpg,1.0
annotated_face\face\image1342.jpg,1.0
annotated_face\face\image1343.jpg,1.0
annotated_face\face\image1344.jpg,1.0
annotated_face\face\image1345.jpg,1.0
annotated_face\face\image1346.jpg,1.0
annotated_face\face\image1347.jpg,1.0
annotated_face\face\image1348.jpg,1.0
annotated_face\face\image1349.jpg,1.0
annotated_face\face\image135.jpg,1.0
annotated_face\face\image1350.jpg,1.0
annotated_face\face\image1351.jpg,1.0
annotated_face\face\image1352.jpg,1.0
annotated_face\face\image1353.jpg,1.0
annotated_face\face\image1354.jpg,1.0
annotated_face\face\image1355.jpg,1.0
annotated_face\face\image1356.jpg,1.0
annotated_face\face\image1357.jpg,1.0
annotated_face\face\image1358.jpg,1.0
annotated_face\face\image1359.jpg,1.0
annotated_face\face\image136.jpg,1.0
annotated_face\face\image1360.jpg,1.0
annotated_face\face\image1361.jpg,1.0
annotated_face\face\image1362.jpg,1.0
annotated_face\face\image1363.jpg,1.0
annotated_face\face\image1364.jpg,1.0
annotated_face\face\image1365.jpg,1.0
annotated_face\face\image1366.jpg,1.0
annotated_face\face\image1367.jpg,1.0
annotated_face\face\image1368.jpg,1.0
annotated_face\face\image1369.jpg,1.0
annotated_face\face\image137.jpg,1.0
annotated_face\face\image1370.jpg,1.0
annotated_face\face\image1371.jpg,1.0
annotated_face\face\image1372.jpg,1.0
annotated_face\face\image1373.jpg,1.0
annotated_face\face\image1374.jpg,1.0
annotated_face\face\image1375.jpg,1.0
annotated_face\face\image1376.jpg,1.0
annotated_face\face\image1377.jpg,1.0
annotated_face\face\image1378.jpg,1.0
annotated_face\face\image1379.jpg,1.0
annotated_face\face\image138.jpg,1.0
annotated_face\face\image1380.jpg,1.0
annotated_face\face\image1381.jpg,1.0
annotated_face\face\image1382.jpg,1.0
annotated_face\face\image1383.jpg,1.0
annotated_face\face\image1384.jpg,1.0
annotated_face\face\image1385.jpg,1.0
annotated_face\face\image1386.jpg,1.0
annotated_face\face\image1387.jpg,1.0
annotated_face\face\image1388.jpg,1.0
annotated_face\face\image1389.jpg,1.0
annotated_face\face\image139.jpg,1.0
annotated_face\face\image1390.jpg,1.0
annotated_face\face\image1391.jpg,1.0
annotated_face\face\image1392.jpg,1.0
annotated_face\face\image1393.jpg,1.0
annotated_face\face\image1394.jpg,1.0
annotated_face\face\image1395.jpg,1.0
annotated_face\face\image1396.jpg,1.0
annotated_face\face\image1397.jpg,1.0
annotated_face\face\image1398.jpg,1.0
annotated_face\face\image1399.jpg,1.0
annotated_face\face\image14.jpg,1.0
annotated_face\face\image140.jpg,1.0
annotated_face\face\image1400.jpg,1.0
annotated_face\face\image1401.jpg,1.0
annotated_face\face\image1402.jpg,1.0
annotated_face\face\image1403.jpg,1.0
annotated_face\face\image1404.jpg,1.0
annotated_face\face\image1405.jpg,1.0
annotated_face\face\image1406.jpg,1.0
annotated_face\face\image1407.jpg,1.0
annotated_face\face\image1408.jpg,1.0
annotated_face\face\image1409.jpg,1.0
annotated_face\face\image141.jpg,1.0
annotated_face\face\image1410.jpg,1.0
annotated_face\face\image1411.jpg,1.0
annotated_face\face\image1412.jpg,1.0
annotated_face\face\image1413.jpg,1.0
annotated_face\face\image1414.jpg,1.0
annotated_face\face\image1415.jpg,1.0
annotated_face\face\image1416.jpg,1.0
annotated_face\face\image1417.jpg,1.0
annotated_face\face\image1418.jpg,1.0
annotated_face\face\image1419.jpg,1.0
annotated_face\face\image142.jpg,1.0
annotated_face\face\image1420.jpg,1.0
annotated_face\face\image1421.jpg,1.0
annotated_face\face\image1422.jpg,1.0
annotated_face\face\image1423.jpg,1.0
annotated_face\face\image1424.jpg,1.0
annotated_face\face\image1425.jpg,1.0
annotated_face\face\image1426.jpg,1.0
annotated_face\face\image1427.jpg,1.0
annotated_face\face\image1428.jpg,1.0
annotated_face\face\image1429.jpg,1.0
annotated_face\face\image143.jpg,1.0
annotated_face\face\image1430.jpg,1.0
annotated_face\face\image1431.jpg,1.0
annotated_face\face\image1432.jpg,1.0
annotated_face\face\image1433.jpg,1.0
annotated_face\face\image1434.jpg,1.0
annotated_face\face\image1435.jpg,1.0
annotated_face\face\image1436.jpg,1.0
annotated_face\face\image1437.jpg,1.0
annotated_face\face\image1438.jpg,1.0
annotated_face\face\image1439.jpg,1.0
annotated_face\face\image144.jpg,1.0
annotated_face\face\image1440.jpg,1.0
annotated_face\face\image1441.jpg,1.0
annotated_face\face\image1442.jpg,1.0
annotated_face\face\image1443.jpg,1.0
annotated_face\face\image1444.jpg,1.0
annotated_face\face\image1445.jpg,1.0
annotated_face\face\image1446.jpg,1.0
annotated_face\face\image1447.jpg,1.0
annotated_face\face\image1448.jpg,1.0
annotated_face\face\image1449.jpg,1.0
annotated_face\face\image145.jpg,1.0
annotated_face\face\image1450.jpg,1.0
annotated_face\face\image1451.jpg,1.0
annotated_face\face\image1452.jpg,1.0
annotated_face\face\image1453.jpg,1.0
annotated_face\face\image1454.jpg,1.0
annotated_face\face\image1455.jpg,1.0
annotated_face\face\image1456.jpg,1.0
annotated_face\face\image1457.jpg,1.0
annotated_face\face\image1458.jpg,1.0
annotated_face\face\image1459.jpg,1.0
annotated_face\face\image146.jpg,1.0
annotated_face\face\image1460.jpg,1.0
annotated_face\face\image1461.jpg,1.0
annotated_face\face\image1462.jpg,1.0
annotated_face\face\image1463.jpg,1.0
annotated_face\face\image1464.jpg,1.0
annotated_face\face\image1465.jpg,1.0
annotated_face\face\image1466.jpg,1.0
annotated_face\face\image1467.jpg,1.0
annotated_face\face\image1468.jpg,1.0
annotated_face\face\image1469.jpg,1.0
annotated_face\face\image147.jpg,1.0
annotated_face\face\image1470.jpg,1.0
annotated_face\face\image1471.jpg,1.0
annotated_face\face\image1472.jpg,1.0
annotated_face\face\image1473.jpg,1.0
annotated_face\face\image1474.jpg,1.0
annotated_face\face\image1475.jpg,1.0
annotated_face\face\image1476.jpg,1.0
annotated_face\face\image1477.jpg,1.0
annotated_face\face\image1478.jpg,1.0
annotated_face\face\image1479.jpg,1.0
annotated_face\face\image148.jpg,1.0
annotated_face\face\image1480.jpg,1.0
annotated_face\face\image1481.jpg,1.0
annotated_face\face\image1482.jpg,1.0
annotated_face\face\image1483.jpg,1.0
annotated_face\face\image1484.jpg,1.0
annotated_face\face\image1485.jpg,1.0
annotated_face\face\image1486.jpg,1.0
annotated_face\face\image1487.jpg,1.0
annotated_face\face\image1488.jpg,1.0
annotated_face\face\image1489.jpg,1.0
annotated_face\face\image149.jpg,1.0
annotated_face\face\image1490.jpg,1.0
annotated_face\face\image1491.jpg,1.0
annotated_face\face\image1492.jpg,1.0
annotated_face\face\image1493.jpg,1.0
annotated_face\face\image1494.jpg,1.0
annotated_face\face\image1495.jpg,1.0
annotated_face\face\image1496.jpg,1.0
annotated_face\face\image1497.jpg,1.0
annotated_face\face\image1498.jpg,1.0
annotated_face\face\image1499.jpg,1.0
annotated_face\face\image15.jpg,1.0
annotated_face\face\image150.jpg,1.0
annotated_face\face\image1500.jpg,1.0
annotated_face\face\image1501.jpg,1.0
annotated_face\face\image1502.jpg,1.0
annotated_face\face\image1503.jpg,1.0
annotated_face\face\image1504.jpg,1.0
annotated_face\face\image1505.jpg,1.0
annotated_face\face\image1506.jpg,1.0
annotated_face\face\image1507.jpg,1.0
annotated_face\face\image1508.jpg,1.0
annotated_face\face\image1509.jpg,1.0
annotated_face\face\image151.jpg,1.0
annotated_face\face\image1510.jpg,1.0
annotated_face\face\image1511.jpg,1.0
annotated_face\face\image1512.jpg,1.0
annotated_face\face\image1513.jpg,1.0
annotated_face\face\image1514.jpg,1.0
annotated_face\face\image1515.jpg,1.0
annotated_face\face\image1516.jpg,1.0
annotated_face\face\image1517.jpg,1.0
annotated_face\face\image1518.jpg,1.0
annotated_face\face\image1519.jpg,1.0
annotated_face\face\image152.jpg,1.0
annotated_face\face\image1520.jpg,1.0
annotated_face\face\image1521.jpg,1.0
annotated_face\face\image1522.jpg,1.0
annotated_face\face\image1523.jpg,1.0
annotated_face\face\image1524.jpg,1.0
annotated_face\face\image1525.jpg,1.0
annotated_face\face\image1526.jpg,1.0
annotated_face\face\image1527.jpg,1.0
annotated_face\face\image1528.jpg,1.0
annotated_face\face\image1529.jpg,1.0
annotated_face\face\image153.jpg,1.0
annotated_face\face\image1530.jpg,1.0
annotated_face\face\image1531.jpg,1.0
annotated_face\face\image1532.jpg,1.0
annotated_face\face\image1533.jpg,1.0
annotated_face\face\image1534.jpg,1.0
annotated_face\face\image1535.jpg,1.0
annotated_face\face\image1536.jpg,1.0
annotated_face\face\image1537.jpg,1.0
annotated_face\face\image1538.jpg,1.0
annotated_face\face\image1539.jpg,1.0
annotated_face\face\image154.jpg,1.0
annotated_face\face\image1540.jpg,1.0
annotated_face\face\image1541.jpg,1.0
annotated_face\face\image1542.jpg,1.0
annotated_face\face\image1543.jpg,1.0
annotated_face\face\image1544.jpg,1.0
annotated_face\face\image1545.jpg,1.0
annotated_face\face\image1546.jpg,1.0
annotated_face\face\image1547.jpg,1.0
annotated_face\face\image1548.jpg,1.0
annotated_face\face\image1549.jpg,1.0
annotated_face\face\image155.jpg,1.0
annotated_face\face\image1550.jpg,1.0
annotated_face\face\image1551.jpg,1.0
annotated_face\face\image1552.jpg,1.0
annotated_face\face\image1553.jpg,1.0
annotated_face\face\image1554.jpg,1.0
annotated_face\face\image1555.jpg,1.0
annotated_face\face\image1556.jpg,1.0
annotated_face\face\image1557.jpg,1.0
annotated_face\face\image1558.jpg,1.0
annotated_face\face\image1559.jpg,1.0
annotated_face\face\image156.jpg,1.0
annotated_face\face\image1560.jpg,1.0
annotated_face\face\image1561.jpg,1.0
annotated_face\face\image1562.jpg,1.0
annotated_face\face\image1563.jpg,1.0
annotated_face\face\image1564.jpg,1.0
annotated_face\face\image1565.jpg,1.0
annotated_face\face\image1566.jpg,1.0
annotated_face\face\image1567.jpg,1.0
annotated_face\face\image1568.jpg,1.0
annotated_face\face\image1569.jpg,1.0
annotated_face\face\image157.jpg,1.0
annotated_face\face\image1570.jpg,1.0
annotated_face\face\image1571.jpg,1.0
annotated_face\face\image1572.jpg,1.0
annotated_face\face\image1573.jpg,1.0
annotated_face\face\image1574.jpg,1.0
annotated_face\face\image1575.jpg,1.0
annotated_face\face\image1576.jpg,1.0
annotated_face\face\image1577.jpg,1.0
annotated_face\face\image1578.jpg,1.0
annotated_face\face\image1579.jpg,1.0
annotated_face\face\image158.jpg,1.0
annotated_face\face\image1580.jpg,1.0
annotated_face\face\image1581.jpg,1.0
annotated_face\face\image1582.jpg,1.0
annotated_face\face\image1583.jpg,1.0
annotated_face\face\image1584.jpg,1.0
annotated_face\face\image1585.jpg,1.0
annotated_face\face\image1586.jpg,1.0
annotated_face\face\image1587.jpg,1.0
annotated_face\face\image1588.jpg,1.0
annotated_face\face\image1589.jpg,1.0
annotated_face\face\image159.jpg,1.0
annotated_face\face\image1590.jpg,1.0
annotated_face\face\image1591.jpg,1.0
annotated_face\face\image1592.jpg,1.0
annotated_face\face\image1593.jpg,1.0
annotated_face\face\image1594.jpg,1.0
annotated_face\face\image1595.jpg,1.0
annotated_face\face\image1596.jpg,1.0
annotated_face\face\image1597.jpg,1.0
annotated_face\face\image1598.jpg,1.0
annotated_face\face\image1599.jpg,1.0
annotated_face\face\image16.jpg,1.0
annotated_face\face\image160.jpg,1.0
annotated_face\face\image1600.jpg,1.0
annotated_face\face\image1601.jpg,1.0
annotated_face\face\image1602.jpg,1.0
annotated_face\face\image1603.jpg,1.0
annotated_face\face\image1604.jpg,1.0
annotated_face\face\image1605.jpg,1.0
annotated_face\face\image1606.jpg,1.0
annotated_face\face\image1607.jpg,1.0
annotated_face\face\image1608.jpg,1.0
annotated_face\face\image1609.jpg,1.0
annotated_face\face\image161.jpg,1.0
annotated_face\face\image1610.jpg,1.0
annotated_face\face\image1611.jpg,1.0
annotated_face\face\image1612.jpg,1.0
annotated_face\face\image1613.jpg,1.0
annotated_face\face\image1614.jpg,1.0
annotated_face\face\image1615.jpg,1.0
annotated_face\face\image1616.jpg,1.0
annotated_face\face\image1617.jpg,1.0
annotated_face\face\image1618.jpg,1.0
annotated_face\face\image1619.jpg,1.0
annotated_face\face\image162.jpg,1.0
annotated_face\face\image1620.jpg,1.0
annotated_face\face\image1621.jpg,1.0
annotated_face\face\image1622.jpg,1.0
annotated_face\face\image1623.jpg,1.0
annotated_face\face\image1624.jpg,1.0
annotated_face\face\image1625.jpg,1.0
annotated_face\face\image1626.jpg,1.0
annotated_face\face\image1627.jpg,1.0
annotated_face\face\image1628.jpg,1.0
annotated_face\face\image1629.jpg,1.0
annotated_face\face\image163.jpg,1.0
annotated_face\face\image1630.jpg,1.0
annotated_face\face\image1631.jpg,1.0
annotated_face\face\image1632.jpg,1.0
annotated_face\face\image1633.jpg,1.0
annotated_face\face\image1634.jpg,1.0
annotated_face\face\image1635.jpg,1.0
annotated_face\face\image1636.jpg,1.0
annotated_face\face\image1637.jpg,1.0
annotated_face\face\image1638.jpg,1.0
annotated_face\face\image1639.jpg,1.0
annotated_face\face\image164.jpg,1.0
annotated_face\face\image1640.jpg,1.0
annotated_face\face\image1641.jpg,1.0
annotated_face\face\image1642.jpg,1.0
annotated_face\face\image1643.jpg,1.0
annotated_face\face\image1644.jpg,1.0
annotated_face\face\image1645.jpg,1.0
annotated_face\face\image1646.jpg,1.0
annotated_face\face\image1647.jpg,1.0
annotated_face\face\image1648.jpg,1.0
annotated_face\face\image1649.jpg,1.0
annotated_face\face\image165.jpg,1.0
annotated_face\face\image1650.jpg,1.0
annotated_face\face\image1651.jpg,1.0
annotated_face\face\image1652.jpg,1.0
annotated_face\face\image1653.jpg,1.0
annotated_face\face\image1654.jpg,1.0
annotated_face\face\image166.jpg,1.0
annotated_face\face\image167.jpg,1.0
annotated_face\face\image168.jpg,1.0
annotated_face\face\image169.jpg,1.0
annotated_face\face\image17.jpg,1.0
annotated_face\face\image170.jpg,1.0
annotated_face\face\image171.jpg,1.0
annotated_face\face\image172.jpg,1.0
annotated_face\face\image173.jpg,1.0
annotated_face\face\image174.jpg,1.0
annotated_face\face\image175.jpg,1.0
annotated_face\face\image176.jpg,1.0
annotated_face\face\image177.jpg,1.0
annotated_face\face\image178.jpg,1.0
annotated_face\face\image179.jpg,1.0
annotated_face\face\image18.jpg,1.0
annotated_face\face\image180.jpg,1.0
annotated_face\face\image181.jpg,1.0
annotated_face\face\image182.jpg,1.0
annotated_face\face\image183.jpg,1.0
annotated_face\face\image184.jpg,1.0
annotated_face\face\image185.jpg,1.0
annotated_face\face\image186.jpg,1.0
annotated_face\face\image187.jpg,1.0
annotated_face\face\image188.jpg,1.0
annotated_face\face\image189.jpg,1.0
annotated_face\face\image19.jpg,1.0
annotated_face\face\image190.jpg,1.0
annotated_face\face\image191.jpg,1.0
annotated_face\face\image192.jpg,1.0
annotated_face\face\image193.jpg,1.0
annotated_face\face\image194.jpg,1.0
annotated_face\face\image195.jpg,1.0
annotated_face\face\image196.jpg,1.0
annotated_face\face\image197.jpg,1.0
annotated_face\face\image198.jpg,1.0
annotated_face\face\image199.jpg,1.0
annotated_face\face\image2.jpg,1.0
annotated_face\face\image20.jpg,1.0
annotated_face\face\image200.jpg,1.0
annotated_face\face\image201.jpg,1.0
annotated_face\face\image202.jpg,1.0
annotated_face\face\image203.jpg,1.0
annotated_face\face\image204.jpg,1.0
annotated_face\face\image205.jpg,1.0
annotated_face\face\image206.jpg,1.0
annotated_face\face\image207.jpg,1.0
annotated_face\face\image208.jpg,1.0
annotated_face\face\image209.jpg,1.0
annotated_face\face\image21.jpg,1.0
annotated_face\face\image210.jpg,1.0
annotated_face\face\image211.jpg,1.0
annotated_face\face\image212.jpg,1.0
annotated_face\face\image213.jpg,1.0
annotated_face\face\image214.jpg,1.0
annotated_face\face\image215.jpg,1.0
annotated_face\face\image216.jpg,1.0
annotated_face\face\image217.jpg,1.0
annotated_face\face\image218.jpg,1.0
annotated_face\face\image219.jpg,1.0
annotated_face\face\image22.jpg,1.0
annotated_face\face\image220.jpg,1.0
annotated_face\face\image221.jpg,1.0
annotated_face\face\image222.jpg,1.0
annotated_face\face\image223.jpg,1.0
annotated_face\face\image224.jpg,1.0
annotated_face\face\image225.jpg,1.0
annotated_face\face\image226.jpg,1.0
annotated_face\face\image227.jpg,1.0
annotated_face\face\image228.jpg,1.0
annotated_face\face\image229.jpg,1.0
annotated_face\face\image23.jpg,1.0
annotated_face\face\image230.jpg,1.0
annotated_face\face\image231.jpg,1.0
annotated_face\face\image232.jpg,1.0
annotated_face\face\image233.jpg,1.0
annotated_face\face\image234.jpg,1.0
annotated_face\face\image235.jpg,1.0
annotated_face\face\image236.jpg,1.0
annotated_face\face\image237.jpg,1.0
annotated_face\face\image238.jpg,1.0
annotated_face\face\image239.jpg,1.0
annotated_face\face\image24.jpg,1.0
annotated_face\face\image240.jpg,1.0
annotated_face\face\image241.jpg,1.0
annotated_face\face\image242.jpg,1.0
annotated_face\face\image243.jpg,1.0
annotated_face\face\image244.jpg,1.0
annotated_face\face\image245.jpg,1.0
annotated_face\face\image246.jpg,1.0
annotated_face\face\image247.jpg,1.0
annotated_face\face\image248.jpg,1.0
annotated_face\face\image249.jpg,1.0
annotated_face\face\image25.jpg,1.0
annotated_face\face\image250.jpg,1.0
annotated_face\face\image251.jpg,1.0
annotated_face\face\image252.jpg,1.0
annotated_face\face\image253.jpg,1.0
annotated_face\face\image254.jpg,1.0
annotated_face\face\image255.jpg,1.0
annotated_face\face\image256.jpg,1.0
annotated_face\face\image257.jpg,1.0
annotated_face\face\image258.jpg,1.0
annotated_face\face\image259.jpg,1.0
annotated_face\face\image26.jpg,1.0
annotated_face\face\image260.jpg,1.0
annotated_face\face\image261.jpg,1.0
annotated_face\face\image262.jpg,1.0
annotated_face\face\image263.jpg,1.0
annotated_face\face\image264.jpg,1.0
annotated_face\face\image265.jpg,1.0
annotated_face\face\image266.jpg,1.0
annotated_face\face\image267.jpg,1.0
annotated_face\face\image268.jpg,1.0
annotated_face\face\image269.jpg,1.0
annotated_face\face\image27.jpg,1.0
annotated_face\face\image270.jpg,1.0
annotated_face\face\image271.jpg,1.0
annotated_face\face\image272.jpg,1.0
annotated_face\face\image273.jpg,1.0
annotated_face\face\image274.jpg,1.0
annotated_face\face\image275.jpg,1.0
annotated_face\face\image276.jpg,1.0
annotated_face\face\image277.jpg,1.0
annotated_face\face\image278.jpg,1.0
annotated_face\face\image279.jpg,1.0
annotated_face\face\image28.jpg,1.0
annotated_face\face\image280.jpg,1.0
annotated_face\face\image281.jpg,1.0
annotated_face\face\image282.jpg,1.0
annotated_face\face\image283.jpg,1.0
annotated_face\face\image284.jpg,1.0
annotated_face\face\image285.jpg,1.0
annotated_face\face\image286.jpg,1.0
annotated_face\face\image287.jpg,1.0
annotated_face\face\image288.jpg,1.0
annotated_face\face\image289.jpg,1.0
annotated_face\face\image29.jpg,1.0
annotated_face\face\image290.jpg,1.0
annotated_face\face\image291.jpg,1.0
annotated_face\face\image292.jpg,1.0
annotated_face\face\image293.jpg,1.0
annotated_face\face\image294.jpg,1.0
annotated_face\face\image295.jpg,1.0
annotated_face\face\image296.jpg,1.0
annotated_face\face\image297.jpg,1.0
annotated_face\face\image298.jpg,1.0
annotated_face\face\image299.jpg,1.0
annotated_face\face\image3.jpg,1.0
annotated_face\face\image30.jpg,1.0
annotated_face\face\image300.jpg,1.0
annotated_face\face\image301.jpg,1.0
annotated_face\face\image302.jpg,1.0
annotated_face\face\image303.jpg,1.0
annotated_face\face\image304.jpg,1.0
annotated_face\face\image305.jpg,1.0
annotated_face\face\image306.jpg,1.0
annotated_face\face\image307.jpg,1.0
annotated_face\face\image308.jpg,1.0
annotated_face\face\image309.jpg,1.0
annotated_face\face\image31.jpg,1.0
annotated_face\face\image310.jpg,1.0
annotated_face\face\image311.jpg,1.0
annotated_face\face\image312.jpg,1.0
annotated_face\face\image313.jpg,1.0
annotated_face\face\image314.jpg,1.0
annotated_face\face\image315.jpg,1.0
annotated_face\face\image316.jpg,1.0
annotated_face\face\image317.jpg,1.0
annotated_face\face\image318.jpg,1.0
annotated_face\face\image319.jpg,1.0
annotated_face\face\image32.jpg,1.0
annotated_face\face\image320.jpg,1.0
annotated_face\face\image321.jpg,1.0
annotated_face\face\image322.jpg,1.0
annotated_face\face\image323.jpg,1.0
annotated_face\face\image324.jpg,1.0
annotated_face\face\image325.jpg,1.0
annotated_face\face\image326.jpg,1.0
annotated_face\face\image327.jpg,1.0
annotated_face\face\image328.jpg,1.0
annotated_face\face\image329.jpg,1.0
annotated_face\face\image33.jpg,1.0
annotated_face\face\image330.jpg,1.0
annotated_face\face\image331.jpg,1.0
annotated_face\face\image332.jpg,1.0
annotated_face\face\image333.jpg,1.0
annotated_face\face\image334.jpg,1.0
annotated_face\face\image335.jpg,1.0
annotated_face\face\image336.jpg,1.0
annotated_face\face\image337.jpg,1.0
annotated_face\face\image338.jpg,1.0
annotated_face\face\image339.jpg,1.0
annotated_face\face\image34.jpg,1.0
annotated_face\face\image340.jpg,1.0
annotated_face\face\image341.jpg,1.0
annotated_face\face\image342.jpg,1.0
annotated_face\face\image343.jpg,1.0
annotated_face\face\image344.jpg,1.0
annotated_face\face\image345.jpg,1.0
annotated_face\face\image346.jpg,1.0
annotated_face\face\image347.jpg,1.0
annotated_face\face\image348.jpg,1.0
annotated_face\face\image349.jpg,1.0
annotated_face\face\image35.jpg,1.0
annotated_face\face\image350.jpg,1.0
annotated_face\face\image351.jpg,1.0
annotated_face\face\image352.jpg,1.0
annotated_face\face\image353.jpg,1.0
annotated_face\face\image354.jpg,1.0
annotated_face\face\image355.jpg,1.0
annotated_face\face\image356.jpg,1.0
annotated_face\face\image357.jpg,1.0
annotated_face\face\image358.jpg,1.0
annotated_face\face\image359.jpg,1.0
annotated_face\face\image36.jpg,1.0
annotated_face\face\image360.jpg,1.0
annotated_face\face\image361.jpg,1.0
annotated_face\face\image362.jpg,1.0
annotated_face\face\image363.jpg,1.0
annotated_face\face\image364.jpg,1.0
annotated_face\face\image365.jpg,1.0
annotated_face\face\image366.jpg,1.0
annotated_face\face\image367.jpg,1.0
annotated_face\face\image368.jpg,1.0
annotated_face\face\image369.jpg,1.0
annotated_face\face\image37.jpg,1.0
annotated_face\face\image370.jpg,1.0
annotated_face\face\image371.jpg,1.0
annotated_face\face\image372.jpg,1.0
annotated_face\face\image373.jpg,1.0
annotated_face\face\image374.jpg,1.0
annotated_face\face\image375.jpg,1.0
annotated_face\face\image376.jpg,1.0
annotated_face\face\image377.jpg,1.0
annotated_face\face\image378.jpg,1.0
annotated_face\face\image379.jpg,1.0
annotated_face\face\image38.jpg,1.0
annotated_face\face\image380.jpg,1.0
annotated_face\face\image381.jpg,1.0
annotated_face\face\image382.jpg,1.0
annotated_face\face\image383.jpg,1.0
annotated_face\face\image384.jpg,1.0
annotated_face\face\image385.jpg,1.0
annotated_face\face\image386.jpg,1.0
annotated_face\face\image387.jpg,1.0
annotated_face\face\image388.jpg,1.0
annotated_face\face\image389.jpg,1.0
annotated_face\face\image39.jpg,1.0
annotated_face\face\image390.jpg,1.0
annotated_face\face\image391.jpg,1.0
annotated_face\face\image392.jpg,1.0
annotated_face\face\image393.jpg,1.0
annotated_face\face\image394.jpg,1.0
annotated_face\face\image395.jpg,1.0
annotated_face\face\image396.jpg,1.0
annotated_face\face\image397.jpg,1.0
annotated_face\face\image398.jpg,1.0
annotated_face\face\image399.jpg,1.0
annotated_face\face\image4.jpg,1.0
annotated_face\face\image40.jpg,1.0
annotated_face\face\image400.jpg,1.0
annotated_face\face\image401.jpg,1.0
annotated_face\face\image402.jpg,1.0
annotated_face\face\image403.jpg,1.0
annotated_face\face\image404.jpg,1.0
annotated_face\face\image405.jpg,1.0
annotated_face\face\image406.jpg,1.0
annotated_face\face\image407.jpg,1.0
annotated_face\face\image408.jpg,1.0
annotated_face\face\image409.jpg,1.0
annotated_face\face\image41.jpg,1.0
annotated_face\face\image410.jpg,1.0
annotated_face\face\image411.jpg,1.0
annotated_face\face\image412.jpg,1.0
annotated_face\face\image413.jpg,1.0
annotated_face\face\image414.jpg,1.0
annotated_face\face\image415.jpg,1.0
annotated_face\face\image416.jpg,1.0
annotated_face\face\image417.jpg,1.0
annotated_face\face\image418.jpg,1.0
annotated_face\face\image419.jpg,1.0
annotated_face\face\image42.jpg,1.0
annotated_face\face\image420.jpg,1.0
annotated_face\face\image421.jpg,1.0
annotated_face\face\image422.jpg,1.0
annotated_face\face\image423.jpg,1.0
annotated_face\face\image424.jpg,1.0
annotated_face\face\image425.jpg,1.0
annotated_face\face\image426.jpg,1.0
annotated_face\face\image427.jpg,1.0
annotated_face\face\image428.jpg,1.0
annotated_face\face\image429.jpg,1.0
annotated_face\face\image43.jpg,1.0
annotated_face\face\image430.jpg,1.0
annotated_face\face\image431.jpg,1.0
annotated_face\face\image432.jpg,1.0
annotated_face\face\image433.jpg,1.0
annotated_face\face\image434.jpg,1.0
annotated_face\face\image435.jpg,1.0
annotated_face\face\image436.jpg,1.0
annotated_face\face\image437.jpg,1.0
annotated_face\face\image438.jpg,1.0
annotated_face\face\image439.jpg,1.0
annotated_face\face\image44.jpg,1.0
annotated_face\face\image440.jpg,1.0
annotated_face\face\image441.jpg,1.0
annotated_face\face\image442.jpg,1.0
annotated_face\face\image443.jpg,1.0
annotated_face\face\image444.jpg,1.0
annotated_face\face\image445.jpg,1.0
annotated_face\face\image446.jpg,1.0
annotated_face\face\image447.jpg,1.0
annotated_face\face\image448.jpg,1.0
annotated_face\face\image449.jpg,1.0
annotated_face\face\image45.jpg,1.0
annotated_face\face\image450.jpg,1.0
annotated_face\face\image451.jpg,1.0
annotated_face\face\image452.jpg,1.0
annotated_face\face\image453.jpg,1.0
annotated_face\face\image454.jpg,1.0
annotated_face\face\image455.jpg,1.0
annotated_face\face\image456.jpg,1.0
annotated_face\face\image457.jpg,1.0
annotated_face\face\image458.jpg,1.0
annotated_face\face\image459.jpg,1.0
annotated_face\face\image46.jpg,1.0
annotated_face\face\image460.jpg,1.0
annotated_face\face\image461.jpg,1.0
annotated_face\face\image462.jpg,1.0
annotated_face\face\image463.jpg,1.0
annotated_face\face\image464.jpg,1.0
annotated_face\face\image465.jpg,1.0
annotated_face\face\image466.jpg,1.0
annotated_face\face\image467.jpg,1.0
annotated_face\face\image468.jpg,1.0
annotated_face\face\image469.jpg,1.0
annotated_face\face\image47.jpg,1.0
annotated_face\face\image470.jpg,1.0
annotated_face\face\image471.jpg,1.0
annotated_face\face\image472.jpg,1.0
annotated_face\face\image473.jpg,1.0
annotated_face\face\image474.jpg,1.0
annotated_face\face\image475.jpg,1.0
annotated_face\face\image476.jpg,1.0
annotated_face\face\image477.jpg,1.0
annotated_face\face\image478.jpg,1.0
annotated_face\face\image479.jpg,1.0
annotated_face\face\image48.jpg,1.0
annotated_face\face\image480.jpg,1.0
annotated_face\face\image481.jpg,1.0
annotated_face\face\image482.jpg,1.0
annotated_face\face\image483.jpg,1.0
annotated_face\face\image484.jpg,1.0
annotated_face\face\image485.jpg,1.0
annotated_face\face\image486.jpg,1.0
annotated_face\face\image487.jpg,1.0
annotated_face\face\image488.jpg,1.0
annotated_face\face\image489.jpg,1.0
annotated_face\face\image49.jpg,1.0
annotated_face\face\image490.jpg,1.0
annotated_face\face\image491.jpg,1.0
annotated_face\face\image492.jpg,1.0
annotated_face\face\image493.jpg,1.0
annotated_face\face\image494.jpg,1.0
annotated_face\face\image495.jpg,1.0
annotated_face\face\image496.jpg,1.0
annotated_face\face\image497.jpg,1.0
annotated_face\face\image498.jpg,1.0
annotated_face\face\image499.jpg,1.0
annotated_face\face\image5.jpg,1.0
annotated_face\face\image50.jpg,1.0
annotated_face\face\image500.jpg,1.0
annotated_face\face\image501.jpg,1.0
annotated_face\face\image502.jpg,1.0
annotated_face\face\image503.jpg,1.0
annotated_face\face\image504.jpg,1.0
annotated_face\face\image505.jpg,1.0
annotated_face\face\image506.jpg,1.0
annotated_face\face\image507.jpg,1.0
annotated_face\face\image508.jpg,1.0
annotated_face\face\image509.jpg,1.0
annotated_face\face\image51.jpg,1.0
annotated_face\face\image510.jpg,1.0
annotated_face\face\image511.jpg,1.0
annotated_face\face\image512.jpg,1.0
annotated_face\face\image513.jpg,1.0
annotated_face\face\image514.jpg,1.0
annotated_face\face\image515.jpg,1.0
annotated_face\face\image516.jpg,1.0
annotated_face\face\image517.jpg,1.0
annotated_face\face\image518.jpg,1.0
annotated_face\face\image519.jpg,1.0
annotated_face\face\image52.jpg,1.0
annotated_face\face\image520.jpg,1.0
annotated_face\face\image521.jpg,1.0
annotated_face\face\image522.jpg,1.0
annotated_face\face\image523.jpg,1.0
annotated_face\face\image524.jpg,1.0
annotated_face\face\image525.jpg,1.0
annotated_face\face\image526.jpg,1.0
annotated_face\face\image527.jpg,1.0
annotated_face\face\image528.jpg,1.0
annotated_face\face\image529.jpg,1.0
annotated_face\face\image53.jpg,1.0
annotated_face\face\image530.jpg,1.0
annotated_face\face\image531.jpg,1.0
annotated_face\face\image532.jpg,1.0
annotated_face\face\image533.jpg,1.0
annotated_face\face\image534.jpg,1.0
annotated_face\face\image535.jpg,1.0
annotated_face\face\image536.jpg,1.0
annotated_face\face\image537.jpg,1.0
annotated_face\face\image538.jpg,1.0
annotated_face\face\image539.jpg,1.0
annotated_face\face\image54.jpg,1.0
annotated_face\face\image540.jpg,1.0
annotated_face\face\image541.jpg,1.0
annotated_face\face\image542.jpg,1.0
annotated_face\face\image543.jpg,1.0
annotated_face\face\image544.jpg,1.0
annotated_face\face\image545.jpg,1.0
annotated_face\face\image546.jpg,1.0
annotated_face\face\image547.jpg,1.0
annotated_face\face\image548.jpg,1.0
annotated_face\face\image549.jpg,1.0
annotated_face\face\image55.jpg,1.0
annotated_face\face\image550.jpg,1.0
annotated_face\face\image551.jpg,1.0
annotated_face\face\image552.jpg,1.0
annotated_face\face\image553.jpg,1.0
annotated_face\face\image554.jpg,1.0
annotated_face\face\image555.jpg,1.0
annotated_face\face\image556.jpg,1.0
annotated_face\face\image557.jpg,1.0
annotated_face\face\image558.jpg,1.0
annotated_face\face\image559.jpg,1.0
annotated_face\face\image56.jpg,1.0
annotated_face\face\image560.jpg,1.0
annotated_face\face\image561.jpg,1.0
annotated_face\face\image562.jpg,1.0
annotated_face\face\image563.jpg,1.0
annotated_face\face\image564.jpg,1.0
annotated_face\face\image565.jpg,1.0
annotated_face\face\image566.jpg,1.0
annotated_face\face\image567.jpg,1.0
annotated_face\face\image568.jpg,1.0
annotated_face\face\image569.jpg,1.0
annotated_face\face\image57.jpg,1.0
annotated_face\face\image570.jpg,1.0
annotated_face\face\image571.jpg,1.0
annotated_face\face\image572.jpg,1.0
annotated_face\face\image573.jpg,1.0
annotated_face\face\image574.jpg,1.0
annotated_face\face\image575.jpg,1.0
annotated_face\face\image576.jpg,1.0
annotated_face\face\image577.jpg,1.0
annotated_face\face\image578.jpg,1.0
annotated_face\face\image579.jpg,1.0
annotated_face\face\image58.jpg,1.0
annotated_face\face\image580.jpg,1.0
annotated_face\face\image581.jpg,1.0
annotated_face\face\image582.jpg,1.0
annotated_face\face\image583.jpg,1.0
annotated_face\face\image584.jpg,1.0
annotated_face\face\image585.jpg,1.0
annotated_face\face\image586.jpg,1.0
annotated_face\face\image587.jpg,1.0
annotated_face\face\image588.jpg,1.0
annotated_face\face\image589.jpg,1.0
annotated_face\face\image59.jpg,1.0
annotated_face\face\image590.jpg,1.0
annotated_face\face\image591.jpg,1.0
annotated_face\face\image592.jpg,1.0
annotated_face\face\image593.jpg,1.0
annotated_face\face\image594.jpg,1.0
annotated_face\face\image595.jpg,1.0
annotated_face\face\image596.jpg,1.0
annotated_face\face\image597.jpg,1.0
annotated_face\face\image598.jpg,1.0
annotated_face\face\image599.jpg,1.0
annotated_face\face\image6.jpg,1.0
annotated_face\face\image60.jpg,1.0
annotated_face\face\image600.jpg,1.0
annotated_face\face\image601.jpg,1.0
annotated_face\face\image602.jpg,1.0
annotated_face\face\image603.jpg,1.0
annotated_face\face\image604.jpg,1.0
annotated_face\face\image605.jpg,1.0
annotated_face\face\image606.jpg,1.0
annotated_face\face\image607.jpg,1.0
annotated_face\face\image608.jpg,1.0
annotated_face\face\image609.jpg,1.0
annotated_face\face\image61.jpg,1.0
annotated_face\face\image610.jpg,1.0
annotated_face\face\image611.jpg,1.0
annotated_face\face\image612.jpg,1.0
annotated_face\face\image613.jpg,1.0
annotated_face\face\image614.jpg,1.0
annotated_face\face\image615.jpg,1.0
annotated_face\face\image616.jpg,1.0
annotated_face\face\image617.jpg,1.0
annotated_face\face\image618.jpg,1.0
annotated_face\face\image619.jpg,1.0
annotated_face\face\image62.jpg,1.0
annotated_face\face\image620.jpg,1.0
annotated_face\face\image621.jpg,1.0
annotated_face\face\image622.jpg,1.0
annotated_face\face\image623.jpg,1.0
annotated_face\face\image624.jpg,1.0
annotated_face\face\image625.jpg,1.0
annotated_face\face\image626.jpg,1.0
annotated_face\face\image627.jpg,1.0
annotated_face\face\image628.jpg,1.0
annotated_face\face\image629.jpg,1.0
annotated_face\face\image63.jpg,1.0
annotated_face\face\image630.jpg,1.0
annotated_face\face\image631.jpg,1.0
annotated_face\face\image632.jpg,1.0
annotated_face\face\image633.jpg,1.0
annotated_face\face\image634.jpg,1.0
annotated_face\face\image635.jpg,1.0
annotated_face\face\image636.jpg,1.0
annotated_face\face\image637.jpg,1.0
annotated_face\face\image638.jpg,1.0
annotated_face\face\image639.jpg,1.0
annotated_face\face\image64.jpg,1.0
annotated_face\face\image640.jpg,1.0
annotated_face\face\image641.jpg,1.0
annotated_face\face\image642.jpg,1.0
annotated_face\face\image643.jpg,1.0
annotated_face\face\image644.jpg,1.0
annotated_face\face\image645.jpg,1.0
annotated_face\face\image646.jpg,1.0
annotated_face\face\image647.jpg,1.0
annotated_face\face\image648.jpg,1.0
annotated_face\face\image649.jpg,1.0
annotated_face\face\image65.jpg,1.0
annotated_face\face\image650.jpg,1.0
annotated_face\face\image651.jpg,1.0
annotated_face\face\image652.jpg,1.0
annotated_face\face\image653.jpg,1.0
annotated_face\face\image654.jpg,1.0
annotated_face\face\image655.jpg,1.0
annotated_face\face\image656.jpg,1.0
annotated_face\face\image657.jpg,1.0
annotated_face\face\image658.jpg,1.0
annotated_face\face\image659.jpg,1.0
annotated_face\face\image66.jpg,1.0
annotated_face\face\image660.jpg,1.0
annotated_face\face\image661.jpg,1.0
annotated_face\face\image662.jpg,1.0
annotated_face\face\image663.jpg,1.0
annotated_face\face\image664.jpg,1.0
annotated_face\face\image665.jpg,1.0
annotated_face\face\image666.jpg,1.0
annotated_face\face\image667.jpg,1.0
annotated_face\face\image668.jpg,1.0
annotated_face\face\image669.jpg,1.0
annotated_face\face\image67.jpg,1.0
annotated_face\face\image670.jpg,1.0
annotated_face\face\image671.jpg,1.0
annotated_face\face\image672.jpg,1.0
annotated_face\face\image673.jpg,1.0
annotated_face\face\image674.jpg,1.0
annotated_face\face\image675.jpg,1.0
annotated_face\face\image676.jpg,1.0
annotated_face\face\image677.jpg,1.0
annotated_face\face\image678.jpg,1.0
annotated_face\face\image679.jpg,1.0
annotated_face\face\image68.jpg,1.0
annotated_face\face\image680.jpg,1.0
annotated_face\face\image681.jpg,1.0
annotated_face\face\image682.jpg,1.0
annotated_face\face\image683.jpg,1.0
annotated_face\face\image684.jpg,1.0
annotated_face\face\image685.jpg,1.0
annotated_face\face\image686.jpg,1.0
annotated_face\face\image687.jpg,1.0
annotated_face\face\image688.jpg,1.0
annotated_face\face\image689.jpg,1.0
annotated_face\face\image69.jpg,1.0
annotated_face\face\image690.jpg,1.0
annotated_face\face\image691.jpg,1.0
annotated_face\face\image692.jpg,1.0
annotated_face\face\image693.jpg,1.0
annotated_face\face\image694.jpg,1.0
annotated_face\face\image695.jpg,1.0
annotated_face\face\image696.jpg,1.0
annotated_face\face\image697.jpg,1.0
annotated_face\face\image698.jpg,1.0
annotated_face\face\image699.jpg,1.0
annotated_face\face\image7.jpg,1.0
annotated_face\face\image70.jpg,1.0
annotated_face\face\image700.jpg,1.0
annotated_face\face\image701.jpg,1.0
annotated_face\face\image702.jpg,1.0
annotated_face\face\image703.jpg,1.0
annotated_face\face\image704.jpg,1.0
annotated_face\face\image705.jpg,1.0
annotated_face\face\image706.jpg,1.0
annotated_face\face\image707.jpg,1.0
annotated_face\face\image708.jpg,1.0
annotated_face\face\image709.jpg,1.0
annotated_face\face\image71.jpg,1.0
annotated_face\face\image710.jpg,1.0
annotated_face\face\image711.jpg,1.0
annotated_face\face\image712.jpg,1.0
annotated_face\face\image713.jpg,1.0
annotated_face\face\image714.jpg,1.0
annotated_face\face\image715.jpg,1.0
annotated_face\face\image716.jpg,1.0
annotated_face\face\image717.jpg,1.0
annotated_face\face\image718.jpg,1.0
annotated_face\face\image719.jpg,1.0
annotated_face\face\image72.jpg,1.0
annotated_face\face\image720.jpg,1.0
annotated_face\face\image721.jpg,1.0
annotated_face\face\image722.jpg,1.0
annotated_face\face\image723.jpg,1.0
annotated_face\face\image724.jpg,1.0
annotated_face\face\image725.jpg,1.0
annotated_face\face\image726.jpg,1.0
annotated_face\face\image727.jpg,1.0
annotated_face\face\image728.jpg,1.0
annotated_face\face\image729.jpg,1.0
annotated_face\face\image73.jpg,1.0
annotated_face\face\image730.jpg,1.0
annotated_face\face\image731.jpg,1.0
annotated_face\face\image732.jpg,1.0
annotated_face\face\image733.jpg,1.0
annotated_face\face\image734.jpg,1.0
annotated_face\face\image735.jpg,1.0
annotated_face\face\image736.jpg,1.0
annotated_face\face\image737.jpg,1.0
annotated_face\face\image738.jpg,1.0
annotated_face\face\image739.jpg,1.0
annotated_face\face\image74.jpg,1.0
annotated_face\face\image740.jpg,1.0
annotated_face\face\image741.jpg,1.0
annotated_face\face\image742.jpg,1.0
annotated_face\face\image743.jpg,1.0
annotated_face\face\image744.jpg,1.0
annotated_face\face\image745.jpg,1.0
annotated_face\face\image746.jpg,1.0
annotated_face\face\image747.jpg,1.0
annotated_face\face\image748.jpg,1.0
annotated_face\face\image749.jpg,1.0
annotated_face\face\image75.jpg,1.0
annotated_face\face\image750.jpg,1.0
annotated_face\face\image751.jpg,1.0
annotated_face\face\image752.jpg,1.0
annotated_face\face\image753.jpg,1.0
annotated_face\face\image754.jpg,1.0
annotated_face\face\image755.jpg,1.0
annotated_face\face\image756.jpg,1.0
annotated_face\face\image757.jpg,1.0
annotated_face\face\image758.jpg,1.0
annotated_face\face\image759.jpg,1.0
annotated_face\face\image76.jpg,1.0
annotated_face\face\image760.jpg,1.0
annotated_face\face\image761.jpg,1.0
annotated_face\face\image762.jpg,1.0
annotated_face\face\image763.jpg,1.0
annotated_face\face\image764.jpg,1.0
annotated_face\face\image765.jpg,1.0
annotated_face\face\image766.jpg,1.0
annotated_face\face\image767.jpg,1.0
annotated_face\face\image768.jpg,1.0
annotated_face\face\image769.jpg,1.0
annotated_face\face\image77.jpg,1.0
annotated_face\face\image770.jpg,1.0
annotated_face\face\image771.jpg,1.0
annotated_face\face\image772.jpg,1.0
annotated_face\face\image773.jpg,1.0
annotated_face\face\image774.jpg,1.0
annotated_face\face\image775.jpg,1.0
annotated_face\face\image776.jpg,1.0
annotated_face\face\image777.jpg,1.0
annotated_face\face\image778.jpg,1.0
annotated_face\face\image779.jpg,1.0
annotated_face\face\image78.jpg,1.0
annotated_face\face\image780.jpg,1.0
annotated_face\face\image781.jpg,1.0
annotated_face\face\image782.jpg,1.0
annotated_face\face\image783.jpg,1.0
annotated_face\face\image784.jpg,1.0
annotated_face\face\image785.jpg,1.0
annotated_face\face\image786.jpg,1.0
annotated_face\face\image787.jpg,1.0
annotated_face\face\image788.jpg,1.0
annotated_face\face\image789.jpg,1.0
annotated_face\face\image79.jpg,1.0
annotated_face\face\image790.jpg,1.0
annotated_face\face\image791.jpg,1.0
annotated_face\face\image792.jpg,1.0
annotated_face\face\image793.jpg,1.0
annotated_face\face\image794.jpg,1.0
annotated_face\face\image795.jpg,1.0
annotated_face\face\image796.jpg,1.0
annotated_face\face\image797.jpg,1.0
annotated_face\face\image798.jpg,1.0
annotated_face\face\image799.jpg,1.0
annotated_face\face\image8.jpg,1.0
annotated_face\face\image80.jpg,1.0
annotated_face\face\image800.jpg,1.0
annotated_face\face\image801.jpg,1.0
annotated_face\face\image802.jpg,1.0
annotated_face\face\image803.jpg,1.0
annotated_face\face\image804.jpg,1.0
annotated_face\face\image805.jpg,1.0
annotated_face\face\image806.jpg,1.0
annotated_face\face\image807.jpg,1.0
annotated_face\face\image808.jpg,1.0
annotated_face\face\image809.jpg,1.0
annotated_face\face\image81.jpg,1.0
annotated_face\face\image810.jpg,1.0
annotated_face\face\image811.jpg,1.0
annotated_face\face\image812.jpg,1.0
annotated_face\face\image813.jpg,1.0
annotated_face\face\image814.jpg,1.0
annotated_face\face\image815.jpg,1.0
annotated_face\face\image816.jpg,1.0
annotated_face\face\image817.jpg,1.0
annotated_face\face\image818.jpg,1.0
annotated_face\face\image819.jpg,1.0
annotated_face\face\image82.jpg,1.0
annotated_face\face\image820.jpg,1.0
annotated_face\face\image821.jpg,1.0
annotated_face\face\image822.jpg,1.0
annotated_face\face\image823.jpg,1.0
annotated_face\face\image824.jpg,1.0
annotated_face\face\image825.jpg,1.0
annotated_face\face\image826.jpg,1.0
annotated_face\face\image827.jpg,1.0
annotated_face\face\image828.jpg,1.0
annotated_face\face\image829.jpg,1.0
annotated_face\face\image83.jpg,1.0
annotated_face\face\image830.jpg,1.0
annotated_face\face\image831.jpg,1.0
annotated_face\face\image832.jpg,1.0
annotated_face\face\image833.jpg,1.0
annotated_face\face\image834.jpg,1.0
annotated_face\face\image835.jpg,1.0
annotated_face\face\image836.jpg,1.0
annotated_face\face\image837.jpg,1.0
annotated_face\face\image838.jpg,1.0
annotated_face\face\image839.jpg,1.0
annotated_face\face\image84.jpg,1.0
annotated_face\face\image840.jpg,1.0
annotated_face\face\image841.jpg,1.0
annotated_face\face\image842.jpg,1.0
annotated_face\face\image843.jpg,1.0
annotated_face\face\image844.jpg,1.0
annotated_face\face\image845.jpg,1.0
annotated_face\face\image846.jpg,1.0
annotated_face\face\image847.jpg,1.0
annotated_face\face\image848.jpg,1.0
annotated_face\face\image849.jpg,1.0
annotated_face\face\image85.jpg,1.0
annotated_face\face\image850.jpg,1.0
annotated_face\face\image851.jpg,1.0
annotated_face\face\image852.jpg,1.0
annotated_face\face\image853.jpg,1.0
annotated_face\face\image854.jpg,1.0
annotated_face\face\image855.jpg,1.0
annotated_face\face\image856.jpg,1.0
annotated_face\face\image857.jpg,1.0
annotated_face\face\image858.jpg,1.0
annotated_face\face\image859.jpg,1.0
annotated_face\face\image86.jpg,1.0
annotated_face\face\image860.jpg,1.0
annotated_face\face\image861.jpg,1.0
annotated_face\face\image862.jpg,1.0
annotated_face\face\image863.jpg,1.0
annotated_face\face\image864.jpg,1.0
annotated_face\face\image865.jpg,1.0
annotated_face\face\image866.jpg,1.0
annotated_face\face\image867.jpg,1.0
annotated_face\face\image868.jpg,1.0
annotated_face\face\image869.jpg,1.0
annotated_face\face\image87.jpg,1.0
annotated_face\face\image870.jpg,1.0
annotated_face\face\image871.jpg,1.0
annotated_face\face\image872.jpg,1.0
annotated_face\face\image873.jpg,1.0
annotated_face\face\image874.jpg,1.0
annotated_face\face\image875.jpg,1.0
annotated_face\face\image876.jpg,1.0
annotated_face\face\image877.jpg,1.0
annotated_face\face\image878.jpg,1.0
annotated_face\face\image879.jpg,1.0
annotated_face\face\image88.jpg,1.0
annotated_face\face\image880.jpg,1.0
annotated_face\face\image881.jpg,1.0
annotated_face\face\image882.jpg,1.0
annotated_face\face\image883.jpg,1.0
annotated_face\face\image884.jpg,1.0
annotated_face\face\image885.jpg,1.0
annotated_face\face\image886.jpg,1.0
annotated_face\face\image887.jpg,1.0
annotated_face\face\image888.jpg,1.0
annotated_face\face\image889.jpg,1.0
annotated_face\face\image89.jpg,1.0
annotated_face\face\image890.jpg,1.0
annotated_face\face\image891.jpg,1.0
annotated_face\face\image892.jpg,1.0
annotated_face\face\image893.jpg,1.0
annotated_face\face\image894.jpg,1.0
annotated_face\face\image895.jpg,1.0
annotated_face\face\image896.jpg,1.0
annotated_face\face\image897.jpg,1.0
annotated_face\face\image898.jpg,1.0
annotated_face\face\image899.jpg,1.0
annotated_face\face\image9.jpg,1.0
annotated_face\face\image90.jpg,1.0
annotated_face\face\image900.jpg,1.0
annotated_face\face\image901.jpg,1.0
annotated_face\face\image902.jpg,1.0
annotated_face\face\image903.jpg,1.0
annotated_face\face\image904.jpg,1.0
annotated_face\face\image905.jpg,1.0
annotated_face\face\image906.jpg,1.0
annotated_face\face\image907.jpg,1.0
annotated_face\face\image908.jpg,1.0
annotated_face\face\image909.jpg,1.0
annotated_face\face\image91.jpg,1.0
annotated_face\face\image910.jpg,1.0
annotated_face\face\image911.jpg,1.0
annotated_face\face\image912.jpg,1.0
annotated_face\face\image913.jpg,1.0
annotated_face\face\image914.jpg,1.0
annotated_face\face\image915.jpg,1.0
annotated_face\face\image916.jpg,1.0
annotated_face\face\image917.jpg,1.0
annotated_face\face\image918.jpg,1.0
annotated_face\face\image919.jpg,1.0
annotated_face\face\image92.jpg,1.0
annotated_face\face\image920.jpg,1.0
annotated_face\face\image921.jpg,1.0
annotated_face\face\image922.jpg,1.0
annotated_face\face\image923.jpg,1.0
annotated_face\face\image924.jpg,1.0
annotated_face\face\image925.jpg,1.0
annotated_face\face\image926.jpg,1.0
annotated_face\face\image927.jpg,1.0
annotated_face\face\image928.jpg,1.0
annotated_face\face\image929.jpg,1.0
annotated_face\face\image93.jpg,1.0
annotated_face\face\image930.jpg,1.0
annotated_face\face\image931.jpg,1.0
annotated_face\face\image932.jpg,1.0
annotated_face\face\image933.jpg,1.0
annotated_face\face\image934.jpg,1.0
annotated_face\face\image935.jpg,1.0
annotated_face\face\image936.jpg,1.0
annotated_face\face\image937.jpg,1.0
annotated_face\face\image938.jpg,1.0
annotated_face\face\image939.jpg,1.0
annotated_face\face\image94.jpg,1.0
annotated_face\face\image940.jpg,1.0
annotated_face\face\image941.jpg,1.0
annotated_face\face\image942.jpg,1.0
annotated_face\face\image943.jpg,1.0
annotated_face\face\image944.jpg,1.0
annotated_face\face\image945.jpg,1.0
annotated_face\face\image946.jpg,1.0
annotated_face\face\image947.jpg,1.0
annotated_face\face\image948.jpg,1.0
annotated_face\face\image949.jpg,1.0
annotated_face\face\image95.jpg,1.0
annotated_face\face\image950.jpg,1.0
annotated_face\face\image951.jpg,1.0
annotated_face\face\image952.jpg,1.0
annotated_face\face\image953.jpg,1.0
annotated_face\face\image954.jpg,1.0
annotated_face\face\image955.jpg,1.0
annotated_face\face\image956.jpg,1.0
annotated_face\face\image957.jpg,1.0
annotated_face\face\image958.jpg,1.0
annotated_face\face\image959.jpg,1.0
annotated_face\face\image96.jpg,1.0
annotated_face\face\image960.jpg,1.0
annotated_face\face\image961.jpg,1.0
annotated_face\face\image962.jpg,1.0
annotated_face\face\image963.jpg,1.0
annotated_face\face\image964.jpg,1.0
annotated_face\face\image965.jpg,1.0
annotated_face\face\image966.jpg,1.0
annotated_face\face\image967.jpg,1.0
annotated_face\face\image968.jpg,1.0
annotated_face\face\image969.jpg,1.0
annotated_face\face\image97.jpg,1.0
annotated_face\face\image970.jpg,1.0
annotated_face\face\image971.jpg,1.0
annotated_face\face\image972.jpg,1.0
annotated_face\face\image973.jpg,1.0
annotated_face\face\image974.jpg,1.0
annotated_face\face\image975.jpg,1.0
annotated_face\face\image976.jpg,1.0
annotated_face\face\image977.jpg,1.0
annotated_face\face\image978.jpg,1.0
annotated_face\face\image979.jpg,1.0
annotated_face\face\image98.jpg,1.0
annotated_face\face\image980.jpg,1.0
annotated_face\face\image981.jpg,1.0
annotated_face\face\image982.jpg,1.0
annotated_face\face\image983.jpg,1.0
annotated_face\face\image984.jpg,1.0
annotated_face\face\image985.jpg,1.0
annotated_face\face\image986.jpg,1.0
annotated_face\face\image987.jpg,1.0
annotated_face\face\image988.jpg,1.0
annotated_face\face\image989.jpg,1.0
annotated_face\face\image99.jpg,1.0
annotated_face\face\image990.jpg,1.0
annotated_face\face\image991.jpg,1.0
annotated_face\face\image992.jpg,1.0
annotated_face\face\image993.jpg,1.0
annotated_face\face\image994.jpg,1.0
annotated_face\face\image995.jpg,1.0
annotated_face\face\image996.jpg,1.0
annotated_face\face\image997.jpg,1.0
annotated_face\face\image998.jpg,1.0
annotated_face\face\image999.jpg,1.0
