Image,IsFace
annotated_face\nonface\image0.jpg,0.0
annotated_face\nonface\image1.jpg,0.0
annotated_face\nonface\image10.jpg,0.0
annotated_face\nonface\image100.jpg,0.0
annotated_face\nonface\image1000.jpg,0.0
annotated_face\nonface\image1001.jpg,0.0
annotated_face\nonface\image1002.jpg,0.0
annotated_face\nonface\image1003.jpg,0.0
annotated_face\nonface\image1004.jpg,0.0
annotated_face\nonface\image1005.jpg,0.0
annotated_face\nonface\image1006.jpg,0.0
annotated_face\nonface\image1007.jpg,0.0
annotated_face\nonface\image1008.jpg,0.0
annotated_face\nonface\image1009.jpg,0.0
annotated_face\nonface\image101.jpg,0.0
annotated_face\nonface\image1010.jpg,0.0
annotated_face\nonface\image1011.jpg,0.0
annotated_face\nonface\image1012.jpg,0.0
annotated_face\nonface\image1013.jpg,0.0
annotated_face\nonface\image1014.jpg,0.0
annotated_face\nonface\image1015.jpg,0.0
annotated_face\nonface\image1016.jpg,0.0
annotated_face\nonface\image1017.jpg,0.0
annotated_face\nonface\image1018.jpg,0.0
annotated_face\nonface\image1019.jpg,0.0
annotated_face\nonface\image102.jpg,0.0
annotated_face\nonface\image1020.jpg,0.0
annotated_face\nonface\image1021.jpg,0.0
annotated_face\nonface\image1022.jpg,0.0
annotated_face\nonface\image1023.jpg,0.0
annotated_face\nonface\image1024.jpg,0.0
annotated_face\nonface\image1025.jpg,0.0
annotated_face\nonface\image1026.jpg,0.0
annotated_face\nonface\image1027.jpg,0.0
annotated_face\nonface\image1028.jpg,0.0
annotated_face\nonface\image1029.jpg,0.0
annotated_face\nonface\image103.jpg,0.0
annotated_face\nonface\image1030.jpg,0.0
annotated_face\nonface\image1031.jpg,0.0
annotated_face\nonface\image1032.jpg,0.0
annotated_face\nonface\image1033.jpg,0.0
annotated_face\nonface\image1034.jpg,0.0
annotated_face\nonface\image1035.jpg,0.0
annotated_face\nonface\image1036.jpg,0.0
annotated_face\nonface\image1037.jpg,0.0
annotated_face\nonface\image1038.jpg,0.0
annotated_face\nonface\image1039.jpg,0.0
annotated_face\nonface\image104.jpg,0.0
annotated_face\nonface\image1040.jpg,0.0
annotated_face\nonface\image1041.jpg,0.0
annotated_face\nonface\image1042.jpg,0.0
annotated_face\nonface\image1043.jpg,0.0
annotated_face\nonface\image1044.jpg,0.0
annotated_face\nonface\image1045.jpg,0.0
annotated_face\nonface\image1046.jpg,0.0
annotated_face\nonface\image1047.jpg,0.0
annotated_face\nonface\image1048.jpg,0.0
annotated_face\nonface\image1049.jpg,0.0
annotated_face\nonface\image105.jpg,0.0
annotated_face\nonface\image1050.jpg,0.0
annotated_face\nonface\image1051.jpg,0.0
annotated_face\nonface\image1052.jpg,0.0
annotated_face\nonface\image1053.jpg,0.0
annotated_face\nonface\image1054.jpg,0.0
annotated_face\nonface\image1055.jpg,0.0
annotated_face\nonface\image1056.jpg,0.0
annotated_face\nonface\image1057.jpg,0.0
annotated_face\nonface\image1058.jpg,0.0
annotated_face\nonface\image1059.jpg,0.0
annotated_face\nonface\image106.jpg,0.0
annotated_face\nonface\image1060.jpg,0.0
annotated_face\nonface\image1061.jpg,0.0
annotated_face\nonface\image1062.jpg,0.0
annotated_face\nonface\image1063.jpg,0.0
annotated_face\nonface\image1064.jpg,0.0
annotated_face\nonface\image1065.jpg,0.0
annotated_face\nonface\image1066.jpg,0.0
annotated_face\nonface\image1067.jpg,0.0
annotated_face\nonface\image1068.jpg,0.0
annotated_face\nonface\image1069.jpg,0.0
annotated_face\nonface\image107.jpg,0.0
annotated_face\nonface\image1070.jpg,0.0
annotated_face\nonface\image1071.jpg,0.0
annotated_face\nonface\image1072.jpg,0.0
annotated_face\nonface\image1073.jpg,0.0
annotated_face\nonface\image1074.jpg,0.0
annotated_face\nonface\image1075.jpg,0.0
annotated_face\nonface\image1076.jpg,0.0
annotated_face\nonface\image1077.jpg,0.0
annotated_face\nonface\image1078.jpg,0.0
annotated_face\nonface\image1079.jpg,0.0
annotated_face\nonface\image108.jpg,0.0
annotated_face\nonface\image1080.jpg,0.0
annotated_face\nonface\image1081.jpg,0.0
annotated_face\nonface\image1082.jpg,0.0
annotated_face\nonface\image1083.jpg,0.0
annotated_face\nonface\image1084.jpg,0.0
annotated_face\nonface\image1085.jpg,0.0
annotated_face\nonface\image1086.jpg,0.0
annotated_face\nonface\image1087.jpg,0.0
annotated_face\nonface\image1088.jpg,0.0
annotated_face\nonface\image1089.jpg,0.0
annotated_face\nonface\image109.jpg,0.0
annotated_face\nonface\image1090.jpg,0.0
annotated_face\nonface\image1091.jpg,0.0
annotated_face\nonface\image1092.jpg,0.0
annotated_face\nonface\image1093.jpg,0.0
annotated_face\nonface\image1094.jpg,0.0
annotated_face\nonface\image1095.jpg,0.0
annotated_face\nonface\image1096.jpg,0.0
annotated_face\nonface\image1097.jpg,0.0
annotated_face\nonface\image1098.jpg,0.0
annotated_face\nonface\image1099.jpg,0.0
annotated_face\nonface\image11.jpg,0.0
annotated_face\nonface\image110.jpg,0.0
annotated_face\nonface\image1100.jpg,0.0
annotated_face\nonface\image1101.jpg,0.0
annotated_face\nonface\image1102.jpg,0.0
annotated_face\nonface\image1103.jpg,0.0
annotated_face\nonface\image1104.jpg,0.0
annotated_face\nonface\image1105.jpg,0.0
annotated_face\nonface\image1106.jpg,0.0
annotated_face\nonface\image1107.jpg,0.0
annotated_face\nonface\image1108.jpg,0.0
annotated_face\nonface\image1109.jpg,0.0
annotated_face\nonface\image111.jpg,0.0
annotated_face\nonface\image1110.jpg,0.0
annotated_face\nonface\image1111.jpg,0.0
annotated_face\nonface\image1112.jpg,0.0
annotated_face\nonface\image1113.jpg,0.0
annotated_face\nonface\image1114.jpg,0.0
annotated_face\nonface\image1115.jpg,0.0
annotated_face\nonface\image1116.jpg,0.0
annotated_face\nonface\image1117.jpg,0.0
annotated_face\nonface\image1118.jpg,0.0
annotated_face\nonface\image1119.jpg,0.0
annotated_face\nonface\image112.jpg,0.0
annotated_face\nonface\image1120.jpg,0.0
annotated_face\nonface\image1121.jpg,0.0
annotated_face\nonface\image1122.jpg,0.0
annotated_face\nonface\image1123.jpg,0.0
annotated_face\nonface\image1124.jpg,0.0
annotated_face\nonface\image1125.jpg,0.0
annotated_face\nonface\image1126.jpg,0.0
annotated_face\nonface\image1127.jpg,0.0
annotated_face\nonface\image1128.jpg,0.0
annotated_face\nonface\image1129.jpg,0.0
annotated_face\nonface\image113.jpg,0.0
annotated_face\nonface\image1130.jpg,0.0
annotated_face\nonface\image1131.jpg,0.0
annotated_face\nonface\image1132.jpg,0.0
annotated_face\nonface\image1133.jpg,0.0
annotated_face\nonface\image1134.jpg,0.0
annotated_face\nonface\image1135.jpg,0.0
annotated_face\nonface\image1136.jpg,0.0
annotated_face\nonface\image1137.jpg,0.0
annotated_face\nonface\image1138.jpg,0.0
annotated_face\nonface\image1139.jpg,0.0
annotated_face\nonface\image114.jpg,0.0
annotated_face\nonface\image1140.jpg,0.0
annotated_face\nonface\image1141.jpg,0.0
annotated_face\nonface\image1142.jpg,0.0
annotated_face\nonface\image1143.jpg,0.0
annotated_face\nonface\image1144.jpg,0.0
annotated_face\nonface\image1145.jpg,0.0
annotated_face\nonface\image1146.jpg,0.0
annotated_face\nonface\image1147.jpg,0.0
annotated_face\nonface\image1148.jpg,0.0
annotated_face\nonface\image1149.jpg,0.0
annotated_face\nonface\image115.jpg,0.0
annotated_face\nonface\image1150.jpg,0.0
annotated_face\nonface\image1151.jpg,0.0
annotated_face\nonface\image1152.jpg,0.0
annotated_face\nonface\image1153.jpg,0.0
annotated_face\nonface\image1154.jpg,0.0
annotated_face\nonface\image1155.jpg,0.0
annotated_face\nonface\image1156.jpg,0.0
annotated_face\nonface\image1157.jpg,0.0
annotated_face\nonface\image1158.jpg,0.0
annotated_face\nonface\image1159.jpg,0.0
annotated_face\nonface\image116.jpg,0.0
annotated_face\nonface\image1160.jpg,0.0
annotated_face\nonface\image1161.jpg,0.0
annotated_face\nonface\image1162.jpg,0.0
annotated_face\nonface\image1163.jpg,0.0
annotated_face\nonface\image1164.jpg,0.0
annotated_face\nonface\image1165.jpg,0.0
annotated_face\nonface\image1166.jpg,0.0
annotated_face\nonface\image1167.jpg,0.0
annotated_face\nonface\image1168.jpg,0.0
annotated_face\nonface\image1169.jpg,0.0
annotated_face\nonface\image117.jpg,0.0
annotated_face\nonface\image1170.jpg,0.0
annotated_face\nonface\image1171.jpg,0.0
annotated_face\nonface\image1172.jpg,0.0
annotated_face\nonface\image1173.jpg,0.0
annotated_face\nonface\image1174.jpg,0.0
annotated_face\nonface\image1175.jpg,0.0
annotated_face\nonface\image1176.jpg,0.0
annotated_face\nonface\image1177.jpg,0.0
annotated_face\nonface\image1178.jpg,0.0
annotated_face\nonface\image1179.jpg,0.0
annotated_face\nonface\image118.jpg,0.0
annotated_face\nonface\image1180.jpg,0.0
annotated_face\nonface\image1181.jpg,0.0
annotated_face\nonface\image1182.jpg,0.0
annotated_face\nonface\image1183.jpg,0.0
annotated_face\nonface\image1184.jpg,0.0
annotated_face\nonface\image1185.jpg,0.0
annotated_face\nonface\image1186.jpg,0.0
annotated_face\nonface\image1187.jpg,0.0
annotated_face\nonface\image1188.jpg,0.0
annotated_face\nonface\image1189.jpg,0.0
annotated_face\nonface\image119.jpg,0.0
annotated_face\nonface\image1190.jpg,0.0
annotated_face\nonface\image1191.jpg,0.0
annotated_face\nonface\image1192.jpg,0.0
annotated_face\nonface\image1193.jpg,0.0
annotated_face\nonface\image1194.jpg,0.0
annotated_face\nonface\image1195.jpg,0.0
annotated_face\nonface\image1196.jpg,0.0
annotated_face\nonface\image1197.jpg,0.0
annotated_face\nonface\image1198.jpg,0.0
annotated_face\nonface\image1199.jpg,0.0
annotated_face\nonface\image12.jpg,0.0
annotated_face\nonface\image120.jpg,0.0
annotated_face\nonface\image1200.jpg,0.0
annotated_face\nonface\image1201.jpg,0.0
annotated_face\nonface\image1202.jpg,0.0
annotated_face\nonface\image1203.jpg,0.0
annotated_face\nonface\image1204.jpg,0.0
annotated_face\nonface\image1205.jpg,0.0
annotated_face\nonface\image1206.jpg,0.0
annotated_face\nonface\image1207.jpg,0.0
annotated_face\nonface\image1208.jpg,0.0
annotated_face\nonface\image1209.jpg,0.0
annotated_face\nonface\image121.jpg,0.0
annotated_face\nonface\image1210.jpg,0.0
annotated_face\nonface\image1211.jpg,0.0
annotated_face\nonface\image1212.jpg,0.0
annotated_face\nonface\image1213.jpg,0.0
annotated_face\nonface\image1214.jpg,0.0
annotated_face\nonface\image1215.jpg,0.0
annotated_face\nonface\image1216.jpg,0.0
annotated_face\nonface\image1217.jpg,0.0
annotated_face\nonface\image1218.jpg,0.0
annotated_face\nonface\image1219.jpg,0.0
annotated_face\nonface\image122.jpg,0.0
annotated_face\nonface\image1220.jpg,0.0
annotated_face\nonface\image1221.jpg,0.0
annotated_face\nonface\image1222.jpg,0.0
annotated_face\nonface\image1223.jpg,0.0
annotated_face\nonface\image1224.jpg,0.0
annotated_face\nonface\image1225.jpg,0.0
annotated_face\nonface\image1226.jpg,0.0
annotated_face\nonface\image1227.jpg,0.0
annotated_face\nonface\image1228.jpg,0.0
annotated_face\nonface\image1229.jpg,0.0
annotated_face\nonface\image123.jpg,0.0
annotated_face\nonface\image1230.jpg,0.0
annotated_face\nonface\image1231.jpg,0.0
annotated_face\nonface\image1232.jpg,0.0
annotated_face\nonface\image1233.jpg,0.0
annotated_face\nonface\image1234.jpg,0.0
annotated_face\nonface\image1235.jpg,0.0
annotated_face\nonface\image1236.jpg,0.0
annotated_face\nonface\image1237.jpg,0.0
annotated_face\nonface\image1238.jpg,0.0
annotated_face\nonface\image1239.jpg,0.0
annotated_face\nonface\image124.jpg,0.0
annotated_face\nonface\image1240.jpg,0.0
annotated_face\nonface\image1241.jpg,0.0
annotated_face\nonface\image1242.jpg,0.0
annotated_face\nonface\image1243.jpg,0.0
annotated_face\nonface\image1244.jpg,0.0
annotated_face\nonface\image1245.jpg,0.0
annotated_face\nonface\image1246.jpg,0.0
annotated_face\nonface\image1247.jpg,0.0
annotated_face\nonface\image1248.jpg,0.0
annotated_face\nonface\image1249.jpg,0.0
annotated_face\nonface\image125.jpg,0.0
annotated_face\nonface\image1250.jpg,0.0
annotated_face\nonface\image1251.jpg,0.0
annotated_face\nonface\image1252.jpg,0.0
annotated_face\nonface\image1253.jpg,0.0
annotated_face\nonface\image1254.jpg,0.0
annotated_face\nonface\image1255.jpg,0.0
annotated_face\nonface\image1256.jpg,0.0
annotated_face\nonface\image1257.jpg,0.0
annotated_face\nonface\image1258.jpg,0.0
annotated_face\nonface\image1259.jpg,0.0
annotated_face\nonface\image126.jpg,0.0
annotated_face\nonface\image1260.jpg,0.0
annotated_face\nonface\image1261.jpg,0.0
annotated_face\nonface\image1262.jpg,0.0
annotated_face\nonface\image1263.jpg,0.0
annotated_face\nonface\image1264.jpg,0.0
annotated_face\nonface\image1265.jpg,0.0
annotated_face\nonface\image1266.jpg,0.0
annotated_face\nonface\image1267.jpg,0.0
annotated_face\nonface\image1268.jpg,0.0
annotated_face\nonface\image1269.jpg,0.0
annotated_face\nonface\image127.jpg,0.0
annotated_face\nonface\image1270.jpg,0.0
annotated_face\nonface\image1271.jpg,0.0
annotated_face\nonface\image1272.jpg,0.0
annotated_face\nonface\image1273.jpg,0.0
annotated_face\nonface\image1274.jpg,0.0
annotated_face\nonface\image1275.jpg,0.0
annotated_face\nonface\image1276.jpg,0.0
annotated_face\nonface\image1277.jpg,0.0
annotated_face\nonface\image1278.jpg,0.0
annotated_face\nonface\image1279.jpg,0.0
annotated_face\nonface\image128.jpg,0.0
annotated_face\nonface\image1280.jpg,0.0
annotated_face\nonface\image1281.jpg,0.0
annotated_face\nonface\image1282.jpg,0.0
annotated_face\nonface\image1283.jpg,0.0
annotated_face\nonface\image1284.jpg,0.0
annotated_face\nonface\image1285.jpg,0.0
annotated_face\nonface\image1286.jpg,0.0
annotated_face\nonface\image1287.jpg,0.0
annotated_face\nonface\image1288.jpg,0.0
annotated_face\nonface\image1289.jpg,0.0
annotated_face\nonface\image129.jpg,0.0
annotated_face\nonface\image1290.jpg,0.0
annotated_face\nonface\image1291.jpg,0.0
annotated_face\nonface\image1292.jpg,0.0
annotated_face\nonface\image1293.jpg,0.0
annotated_face\nonface\image1294.jpg,0.0
annotated_face\nonface\image1295.jpg,0.0
annotated_face\nonface\image1296.jpg,0.0
annotated_face\nonface\image1297.jpg,0.0
annotated_face\nonface\image1298.jpg,0.0
annotated_face\nonface\image1299.jpg,0.0
annotated_face\nonface\image13.jpg,0.0
annotated_face\nonface\image130.jpg,0.0
annotated_face\nonface\image1300.jpg,0.0
annotated_face\nonface\image1301.jpg,0.0
annotated_face\nonface\image1302.jpg,0.0
annotated_face\nonface\image1303.jpg,0.0
annotated_face\nonface\image1304.jpg,0.0
annotated_face\nonface\image1305.jpg,0.0
annotated_face\nonface\image1306.jpg,0.0
annotated_face\nonface\image1307.jpg,0.0
annotated_face\nonface\image1308.jpg,0.0
annotated_face\nonface\image1309.jpg,0.0
annotated_face\nonface\image131.jpg,0.0
annotated_face\nonface\image1310.jpg,0.0
annotated_face\nonface\image1311.jpg,0.0
annotated_face\nonface\image1312.jpg,0.0
annotated_face\nonface\image1313.jpg,0.0
annotated_face\nonface\image1314.jpg,0.0
annotated_face\nonface\image1315.jpg,0.0
annotated_face\nonface\image1316.jpg,0.0
annotated_face\nonface\image1317.jpg,0.0
annotated_face\nonface\image1318.jpg,0.0
annotated_face\nonface\image1319.jpg,0.0
annotated_face\nonface\image132.jpg,0.0
annotated_face\nonface\image1320.jpg,0.0
annotated_face\nonface\image1321.jpg,0.0
annotated_face\nonface\image1322.jpg,0.0
annotated_face\nonface\image1323.jpg,0.0
annotated_face\nonface\image1324.jpg,0.0
annotated_face\nonface\image1325.jpg,0.0
annotated_face\nonface\image1326.jpg,0.0
annotated_face\nonface\image1327.jpg,0.0
annotated_face\nonface\image1328.jpg,0.0
annotated_face\nonface\image1329.jpg,0.0
annotated_face\nonface\image133.jpg,0.0
annotated_face\nonface\image1330.jpg,0.0
annotated_face\nonface\image1331.jpg,0.0
annotated_face\nonface\image1332.jpg,0.0
annotated_face\nonface\image1333.jpg,0.0
annotated_face\nonface\image1334.jpg,0.0
annotated_face\nonface\image1335.jpg,0.0
annotated_face\nonface\image1336.jpg,0.0
annotated_face\nonface\image1337.jpg,0.0
annotated_face\nonface\image1338.jpg,0.0
annotated_face\nonface\image1339.jpg,0.0
annotated_face\nonface\image134.jpg,0.0
annotated_face\nonface\image1340.jpg,0.0
annotated_face\nonface\image1341.jpg,0.0
annotated_face\nonface\image1342.jpg,0.0
annotated_face\nonface\image1343.jpg,0.0
annotated_face\nonface\image1344.jpg,0.0
annotated_face\nonface\image1345.jpg,0.0
annotated_face\nonface\image1346.jpg,0.0
annotated_face\nonface\image1347.jpg,0.0
annotated_face\nonface\image1348.jpg,0.0
annotated_face\nonface\image1349.jpg,0.0
annotated_face\nonface\image135.jpg,0.0
annotated_face\nonface\image1350.jpg,0.0
annotated_face\nonface\image1351.jpg,0.0
annotated_face\nonface\image1352.jpg,0.0
annotated_face\nonface\image1353.jpg,0.0
annotated_face\nonface\image1354.jpg,0.0
annotated_face\nonface\image1355.jpg,0.0
annotated_face\nonface\image1356.jpg,0.0
annotated_face\nonface\image1357.jpg,0.0
annotated_face\nonface\image1358.jpg,0.0
annotated_face\nonface\image1359.jpg,0.0
annotated_face\nonface\image136.jpg,0.0
annotated_face\nonface\image1360.jpg,0.0
annotated_face\nonface\image1361.jpg,0.0
annotated_face\nonface\image1362.jpg,0.0
annotated_face\nonface\image1363.jpg,0.0
annotated_face\nonface\image1364.jpg,0.0
annotated_face\nonface\image1365.jpg,0.0
annotated_face\nonface\image1366.jpg,0.0
annotated_face\nonface\image1367.jpg,0.0
annotated_face\nonface\image1368.jpg,0.0
annotated_face\nonface\image1369.jpg,0.0
annotated_face\nonface\image137.jpg,0.0
annotated_face\nonface\image1370.jpg,0.0
annotated_face\nonface\image1371.jpg,0.0
annotated_face\nonface\image1372.jpg,0.0
annotated_face\nonface\image1373.jpg,0.0
annotated_face\nonface\image1374.jpg,0.0
annotated_face\nonface\image1375.jpg,0.0
annotated_face\nonface\image1376.jpg,0.0
annotated_face\nonface\image1377.jpg,0.0
annotated_face\nonface\image1378.jpg,0.0
annotated_face\nonface\image1379.jpg,0.0
annotated_face\nonface\image138.jpg,0.0
annotated_face\nonface\image1380.jpg,0.0
annotated_face\nonface\image1381.jpg,0.0
annotated_face\nonface\image1382.jpg,0.0
annotated_face\nonface\image1383.jpg,0.0
annotated_face\nonface\image1384.jpg,0.0
annotated_face\nonface\image1385.jpg,0.0
annotated_face\nonface\image1386.jpg,0.0
annotated_face\nonface\image1387.jpg,0.0
annotated_face\nonface\image1388.jpg,0.0
annotated_face\nonface\image1389.jpg,0.0
annotated_face\nonface\image139.jpg,0.0
annotated_face\nonface\image1390.jpg,0.0
annotated_face\nonface\image1391.jpg,0.0
annotated_face\nonface\image1392.jpg,0.0
annotated_face\nonface\image1393.jpg,0.0
annotated_face\nonface\image1394.jpg,0.0
annotated_face\nonface\image1395.jpg,0.0
annotated_face\nonface\image1396.jpg,0.0
annotated_face\nonface\image1397.jpg,0.0
annotated_face\nonface\image1398.jpg,0.0
annotated_face\nonface\image1399.jpg,0.0
annotated_face\nonface\image14.jpg,0.0
annotated_face\nonface\image140.jpg,0.0
annotated_face\nonface\image1400.jpg,0.0
annotated_face\nonface\image1401.jpg,0.0
annotated_face\nonface\image1402.jpg,0.0
annotated_face\nonface\image1403.jpg,0.0
annotated_face\nonface\image1404.jpg,0.0
annotated_face\nonface\image1405.jpg,0.0
annotated_face\nonface\image1406.jpg,0.0
annotated_face\nonface\image1407.jpg,0.0
annotated_face\nonface\image1408.jpg,0.0
annotated_face\nonface\image1409.jpg,0.0
annotated_face\nonface\image141.jpg,0.0
annotated_face\nonface\image1410.jpg,0.0
annotated_face\nonface\image1411.jpg,0.0
annotated_face\nonface\image1412.jpg,0.0
annotated_face\nonface\image1413.jpg,0.0
annotated_face\nonface\image1414.jpg,0.0
annotated_face\nonface\image1415.jpg,0.0
annotated_face\nonface\image1416.jpg,0.0
annotated_face\nonface\image1417.jpg,0.0
annotated_face\nonface\image1418.jpg,0.0
annotated_face\nonface\image1419.jpg,0.0
annotated_face\nonface\image142.jpg,0.0
annotated_face\nonface\image1420.jpg,0.0
annotated_face\nonface\image1421.jpg,0.0
annotated_face\nonface\image1422.jpg,0.0
annotated_face\nonface\image1423.jpg,0.0
annotated_face\nonface\image1424.jpg,0.0
annotated_face\nonface\image1425.jpg,0.0
annotated_face\nonface\image1426.jpg,0.0
annotated_face\nonface\image1427.jpg,0.0
annotated_face\nonface\image1428.jpg,0.0
annotated_face\nonface\image1429.jpg,0.0
annotated_face\nonface\image143.jpg,0.0
annotated_face\nonface\image1430.jpg,0.0
annotated_face\nonface\image1431.jpg,0.0
annotated_face\nonface\image1432.jpg,0.0
annotated_face\nonface\image1433.jpg,0.0
annotated_face\nonface\image1434.jpg,0.0
annotated_face\nonface\image1435.jpg,0.0
annotated_face\nonface\image1436.jpg,0.0
annotated_face\nonface\image1437.jpg,0.0
annotated_face\nonface\image1438.jpg,0.0
annotated_face\nonface\image1439.jpg,0.0
annotated_face\nonface\image144.jpg,0.0
annotated_face\nonface\image1440.jpg,0.0
annotated_face\nonface\image1441.jpg,0.0
annotated_face\nonface\image1442.jpg,0.0
annotated_face\nonface\image1443.jpg,0.0
annotated_face\nonface\image1444.jpg,0.0
annotated_face\nonface\image1445.jpg,0.0
annotated_face\nonface\image1446.jpg,0.0
annotated_face\nonface\image1447.jpg,0.0
annotated_face\nonface\image1448.jpg,0.0
annotated_face\nonface\image1449.jpg,0.0
annotated_face\nonface\image145.jpg,0.0
annotated_face\nonface\image1450.jpg,0.0
annotated_face\nonface\image1451.jpg,0.0
annotated_face\nonface\image1452.jpg,0.0
annotated_face\nonface\image1453.jpg,0.0
annotated_face\nonface\image1454.jpg,0.0
annotated_face\nonface\image1455.jpg,0.0
annotated_face\nonface\image1456.jpg,0.0
annotated_face\nonface\image1457.jpg,0.0
annotated_face\nonface\image1458.jpg,0.0
annotated_face\nonface\image1459.jpg,0.0
annotated_face\nonface\image146.jpg,0.0
annotated_face\nonface\image1460.jpg,0.0
annotated_face\nonface\image1461.jpg,0.0
annotated_face\nonface\image1462.jpg,0.0
annotated_face\nonface\image1463.jpg,0.0
annotated_face\nonface\image1464.jpg,0.0
annotated_face\nonface\image1465.jpg,0.0
annotated_face\nonface\image1466.jpg,0.0
annotated_face\nonface\image1467.jpg,0.0
annotated_face\nonface\image1468.jpg,0.0
annotated_face\nonface\image1469.jpg,0.0
annotated_face\nonface\image147.jpg,0.0
annotated_face\nonface\image1470.jpg,0.0
annotated_face\nonface\image1471.jpg,0.0
annotated_face\nonface\image1472.jpg,0.0
annotated_face\nonface\image1473.jpg,0.0
annotated_face\nonface\image1474.jpg,0.0
annotated_face\nonface\image1475.jpg,0.0
annotated_face\nonface\image1476.jpg,0.0
annotated_face\nonface\image1477.jpg,0.0
annotated_face\nonface\image1478.jpg,0.0
annotated_face\nonface\image1479.jpg,0.0
annotated_face\nonface\image148.jpg,0.0
annotated_face\nonface\image1480.jpg,0.0
annotated_face\nonface\image1481.jpg,0.0
annotated_face\nonface\image1482.jpg,0.0
annotated_face\nonface\image1483.jpg,0.0
annotated_face\nonface\image1484.jpg,0.0
annotated_face\nonface\image1485.jpg,0.0
annotated_face\nonface\image1486.jpg,0.0
annotated_face\nonface\image1487.jpg,0.0
annotated_face\nonface\image1488.jpg,0.0
annotated_face\nonface\image1489.jpg,0.0
annotated_face\nonface\image149.jpg,0.0
annotated_face\nonface\image1490.jpg,0.0
annotated_face\nonface\image1491.jpg,0.0
annotated_face\nonface\image1492.jpg,0.0
annotated_face\nonface\image1493.jpg,0.0
annotated_face\nonface\image1494.jpg,0.0
annotated_face\nonface\image1495.jpg,0.0
annotated_face\nonface\image1496.jpg,0.0
annotated_face\nonface\image1497.jpg,0.0
annotated_face\nonface\image1498.jpg,0.0
annotated_face\nonface\image1499.jpg,0.0
annotated_face\nonface\image15.jpg,0.0
annotated_face\nonface\image150.jpg,0.0
annotated_face\nonface\image1500.jpg,0.0
annotated_face\nonface\image1501.jpg,0.0
annotated_face\nonface\image1502.jpg,0.0
annotated_face\nonface\image1503.jpg,0.0
annotated_face\nonface\image1504.jpg,0.0
annotated_face\nonface\image1505.jpg,0.0
annotated_face\nonface\image1506.jpg,0.0
annotated_face\nonface\image1507.jpg,0.0
annotated_face\nonface\image1508.jpg,0.0
annotated_face\nonface\image1509.jpg,0.0
annotated_face\nonface\image151.jpg,0.0
annotated_face\nonface\image1510.jpg,0.0
annotated_face\nonface\image1511.jpg,0.0
annotated_face\nonface\image1512.jpg,0.0
annotated_face\nonface\image1513.jpg,0.0
annotated_face\nonface\image1514.jpg,0.0
annotated_face\nonface\image1515.jpg,0.0
annotated_face\nonface\image1516.jpg,0.0
annotated_face\nonface\image1517.jpg,0.0
annotated_face\nonface\image1518.jpg,0.0
annotated_face\nonface\image1519.jpg,0.0
annotated_face\nonface\image152.jpg,0.0
annotated_face\nonface\image1520.jpg,0.0
annotated_face\nonface\image1521.jpg,0.0
annotated_face\nonface\image1522.jpg,0.0
annotated_face\nonface\image1523.jpg,0.0
annotated_face\nonface\image1524.jpg,0.0
annotated_face\nonface\image1525.jpg,0.0
annotated_face\nonface\image1526.jpg,0.0
annotated_face\nonface\image1527.jpg,0.0
annotated_face\nonface\image1528.jpg,0.0
annotated_face\nonface\image1529.jpg,0.0
annotated_face\nonface\image153.jpg,0.0
annotated_face\nonface\image1530.jpg,0.0
annotated_face\nonface\image1531.jpg,0.0
annotated_face\nonface\image1532.jpg,0.0
annotated_face\nonface\image1533.jpg,0.0
annotated_face\nonface\image1534.jpg,0.0
annotated_face\nonface\image1535.jpg,0.0
annotated_face\nonface\image1536.jpg,0.0
annotated_face\nonface\image1537.jpg,0.0
annotated_face\nonface\image1538.jpg,0.0
annotated_face\nonface\image1539.jpg,0.0
annotated_face\nonface\image154.jpg,0.0
annotated_face\nonface\image1540.jpg,0.0
annotated_face\nonface\image1541.jpg,0.0
annotated_face\nonface\image1542.jpg,0.0
annotated_face\nonface\image1543.jpg,0.0
annotated_face\nonface\image1544.jpg,0.0
annotated_face\nonface\image1545.jpg,0.0
annotated_face\nonface\image1546.jpg,0.0
annotated_face\nonface\image1547.jpg,0.0
annotated_face\nonface\image1548.jpg,0.0
annotated_face\nonface\image1549.jpg,0.0
annotated_face\nonface\image155.jpg,0.0
annotated_face\nonface\image1550.jpg,0.0
annotated_face\nonface\image1551.jpg,0.0
annotated_face\nonface\image1552.jpg,0.0
annotated_face\nonface\image1553.jpg,0.0
annotated_face\nonface\image1554.jpg,0.0
annotated_face\nonface\image1555.jpg,0.0
annotated_face\nonface\image1556.jpg,0.0
annotated_face\nonface\image1557.jpg,0.0
annotated_face\nonface\image1558.jpg,0.0
annotated_face\nonface\image1559.jpg,0.0
annotated_face\nonface\image156.jpg,0.0
annotated_face\nonface\image1560.jpg,0.0
annotated_face\nonface\image1561.jpg,0.0
annotated_face\nonface\image1562.jpg,0.0
annotated_face\nonface\image1563.jpg,0.0
annotated_face\nonface\image1564.jpg,0.0
annotated_face\nonface\image1565.jpg,0.0
annotated_face\nonface\image1566.jpg,0.0
annotated_face\nonface\image1567.jpg,0.0
annotated_face\nonface\image1568.jpg,0.0
annotated_face\nonface\image1569.jpg,0.0
annotated_face\nonface\image157.jpg,0.0
annotated_face\nonface\image1570.jpg,0.0
annotated_face\nonface\image1571.jpg,0.0
annotated_face\nonface\image1572.jpg,0.0
annotated_face\nonface\image1573.jpg,0.0
annotated_face\nonface\image1574.jpg,0.0
annotated_face\nonface\image1575.jpg,0.0
annotated_face\nonface\image1576.jpg,0.0
annotated_face\nonface\image1577.jpg,0.0
annotated_face\nonface\image1578.jpg,0.0
annotated_face\nonface\image1579.jpg,0.0
annotated_face\nonface\image158.jpg,0.0
annotated_face\nonface\image1580.jpg,0.0
annotated_face\nonface\image1581.jpg,0.0
annotated_face\nonface\image1582.jpg,0.0
annotated_face\nonface\image1583.jpg,0.0
annotated_face\nonface\image1584.jpg,0.0
annotated_face\nonface\image1585.jpg,0.0
annotated_face\nonface\image1586.jpg,0.0
annotated_face\nonface\image1587.jpg,0.0
annotated_face\nonface\image1588.jpg,0.0
annotated_face\nonface\image1589.jpg,0.0
annotated_face\nonface\image159.jpg,0.0
annotated_face\nonface\image1590.jpg,0.0
annotated_face\nonface\image1591.jpg,0.0
annotated_face\nonface\image1592.jpg,0.0
annotated_face\nonface\image1593.jpg,0.0
annotated_face\nonface\image1594.jpg,0.0
annotated_face\nonface\image1595.jpg,0.0
annotated_face\nonface\image1596.jpg,0.0
annotated_face\nonface\image1597.jpg,0.0
annotated_face\nonface\image1598.jpg,0.0
annotated_face\nonface\image1599.jpg,0.0
annotated_face\nonface\image16.jpg,0.0
annotated_face\nonface\image160.jpg,0.0
annotated_face\nonface\image1600.jpg,0.0
annotated_face\nonface\image1601.jpg,0.0
annotated_face\nonface\image1602.jpg,0.0
annotated_face\nonface\image1603.jpg,0.0
annotated_face\nonface\image1604.jpg,0.0
annotated_face\nonface\image1605.jpg,0.0
annotated_face\nonface\image1606.jpg,0.0
annotated_face\nonface\image1607.jpg,0.0
annotated_face\nonface\image1608.jpg,0.0
annotated_face\nonface\image1609.jpg,0.0
annotated_face\nonface\image161.jpg,0.0
annotated_face\nonface\image1610.jpg,0.0
annotated_face\nonface\image1611.jpg,0.0
annotated_face\nonface\image1612.jpg,0.0
annotated_face\nonface\image1613.jpg,0.0
annotated_face\nonface\image1614.jpg,0.0
annotated_face\nonface\image1615.jpg,0.0
annotated_face\nonface\image1616.jpg,0.0
annotated_face\nonface\image1617.jpg,0.0
annotated_face\nonface\image1618.jpg,0.0
annotated_face\nonface\image1619.jpg,0.0
annotated_face\nonface\image162.jpg,0.0
annotated_face\nonface\image1620.jpg,0.0
annotated_face\nonface\image1621.jpg,0.0
annotated_face\nonface\image1622.jpg,0.0
annotated_face\nonface\image1623.jpg,0.0
annotated_face\nonface\image1624.jpg,0.0
annotated_face\nonface\image1625.jpg,0.0
annotated_face\nonface\image1626.jpg,0.0
annotated_face\nonface\image1627.jpg,0.0
annotated_face\nonface\image1628.jpg,0.0
annotated_face\nonface\image1629.jpg,0.0
annotated_face\nonface\image163.jpg,0.0
annotated_face\nonface\image1630.jpg,0.0
annotated_face\nonface\image1631.jpg,0.0
annotated_face\nonface\image1632.jpg,0.0
annotated_face\nonface\image1633.jpg,0.0
annotated_face\nonface\image1634.jpg,0.0
annotated_face\nonface\image1635.jpg,0.0
annotated_face\nonface\image1636.jpg,0.0
annotated_face\nonface\image1637.jpg,0.0
annotated_face\nonface\image1638.jpg,0.0
annotated_face\nonface\image1639.jpg,0.0
annotated_face\nonface\image164.jpg,0.0
annotated_face\nonface\image1640.jpg,0.0
annotated_face\nonface\image1641.jpg,0.0
annotated_face\nonface\image1642.jpg,0.0
annotated_face\nonface\image1643.jpg,0.0
annotated_face\nonface\image1644.jpg,0.0
annotated_face\nonface\image1645.jpg,0.0
annotated_face\nonface\image1646.jpg,0.0
annotated_face\nonface\image1647.jpg,0.0
annotated_face\nonface\image1648.jpg,0.0
annotated_face\nonface\image1649.jpg,0.0
annotated_face\nonface\image165.jpg,0.0
annotated_face\nonface\image1650.jpg,0.0
annotated_face\nonface\image1651.jpg,0.0
annotated_face\nonface\image1652.jpg,0.0
annotated_face\nonface\image1653.jpg,0.0
annotated_face\nonface\image1654.jpg,0.0
annotated_face\nonface\image166.jpg,0.0
annotated_face\nonface\image167.jpg,0.0
annotated_face\nonface\image168.jpg,0.0
annotated_face\nonface\image169.jpg,0.0
annotated_face\nonface\image17.jpg,0.0
annotated_face\nonface\image170.jpg,0.0
annotated_face\nonface\image171.jpg,0.0
annotated_face\nonface\image172.jpg,0.0
annotated_face\nonface\image173.jpg,0.0
annotated_face\nonface\image174.jpg,0.0
annotated_face\nonface\image175.jpg,0.0
annotated_face\nonface\image176.jpg,0.0
annotated_face\nonface\image177.jpg,0.0
annotated_face\nonface\image178.jpg,0.0
annotated_face\nonface\image179.jpg,0.0
annotated_face\nonface\image18.jpg,0.0
annotated_face\nonface\image180.jpg,0.0
annotated_face\nonface\image181.jpg,0.0
annotated_face\nonface\image182.jpg,0.0
annotated_face\nonface\image183.jpg,0.0
annotated_face\nonface\image184.jpg,0.0
annotated_face\nonface\image185.jpg,0.0
annotated_face\nonface\image186.jpg,0.0
annotated_face\nonface\image187.jpg,0.0
annotated_face\nonface\image188.jpg,0.0
annotated_face\nonface\image189.jpg,0.0
annotated_face\nonface\image19.jpg,0.0
annotated_face\nonface\image190.jpg,0.0
annotated_face\nonface\image191.jpg,0.0
annotated_face\nonface\image192.jpg,0.0
annotated_face\nonface\image193.jpg,0.0
annotated_face\nonface\image194.jpg,0.0
annotated_face\nonface\image195.jpg,0.0
annotated_face\nonface\image196.jpg,0.0
annotated_face\nonface\image197.jpg,0.0
annotated_face\nonface\image198.jpg,0.0
annotated_face\nonface\image199.jpg,0.0
annotated_face\nonface\image2.jpg,0.0
annotated_face\nonface\image20.jpg,0.0
annotated_face\nonface\image200.jpg,0.0
annotated_face\nonface\image201.jpg,0.0
annotated_face\nonface\image202.jpg,0.0
annotated_face\nonface\image203.jpg,0.0
annotated_face\nonface\image204.jpg,0.0
annotated_face\nonface\image205.jpg,0.0
annotated_face\nonface\image206.jpg,0.0
annotated_face\nonface\image207.jpg,0.0
annotated_face\nonface\image208.jpg,0.0
annotated_face\nonface\image209.jpg,0.0
annotated_face\nonface\image21.jpg,0.0
annotated_face\nonface\image210.jpg,0.0
annotated_face\nonface\image211.jpg,0.0
annotated_face\nonface\image212.jpg,0.0
annotated_face\nonface\image213.jpg,0.0
annotated_face\nonface\image214.jpg,0.0
annotated_face\nonface\image215.jpg,0.0
annotated_face\nonface\image216.jpg,0.0
annotated_face\nonface\image217.jpg,0.0
annotated_face\nonface\image218.jpg,0.0
annotated_face\nonface\image219.jpg,0.0
annotated_face\nonface\image22.jpg,0.0
annotated_face\nonface\image220.jpg,0.0
annotated_face\nonface\image221.jpg,0.0
annotated_face\nonface\image222.jpg,0.0
annotated_face\nonface\image223.jpg,0.0
annotated_face\nonface\image224.jpg,0.0
annotated_face\nonface\image225.jpg,0.0
annotated_face\nonface\image226.jpg,0.0
annotated_face\nonface\image227.jpg,0.0
annotated_face\nonface\image228.jpg,0.0
annotated_face\nonface\image229.jpg,0.0
annotated_face\nonface\image23.jpg,0.0
annotated_face\nonface\image230.jpg,0.0
annotated_face\nonface\image231.jpg,0.0
annotated_face\nonface\image232.jpg,0.0
annotated_face\nonface\image233.jpg,0.0
annotated_face\nonface\image234.jpg,0.0
annotated_face\nonface\image235.jpg,0.0
annotated_face\nonface\image236.jpg,0.0
annotated_face\nonface\image237.jpg,0.0
annotated_face\nonface\image238.jpg,0.0
annotated_face\nonface\image239.jpg,0.0
annotated_face\nonface\image24.jpg,0.0
annotated_face\nonface\image240.jpg,0.0
annotated_face\nonface\image241.jpg,0.0
annotated_face\nonface\image242.jpg,0.0
annotated_face\nonface\image243.jpg,0.0
annotated_face\nonface\image244.jpg,0.0
annotated_face\nonface\image245.jpg,0.0
annotated_face\nonface\image246.jpg,0.0
annotated_face\nonface\image247.jpg,0.0
annotated_face\nonface\image248.jpg,0.0
annotated_face\nonface\image249.jpg,0.0
annotated_face\nonface\image25.jpg,0.0
annotated_face\nonface\image250.jpg,0.0
annotated_face\nonface\image251.jpg,0.0
annotated_face\nonface\image252.jpg,0.0
annotated_face\nonface\image253.jpg,0.0
annotated_face\nonface\image254.jpg,0.0
annotated_face\nonface\image255.jpg,0.0
annotated_face\nonface\image256.jpg,0.0
annotated_face\nonface\image257.jpg,0.0
annotated_face\nonface\image258.jpg,0.0
annotated_face\nonface\image259.jpg,0.0
annotated_face\nonface\image26.jpg,0.0
annotated_face\nonface\image260.jpg,0.0
annotated_face\nonface\image261.jpg,0.0
annotated_face\nonface\image262.jpg,0.0
annotated_face\nonface\image263.jpg,0.0
annotated_face\nonface\image264.jpg,0.0
annotated_face\nonface\image265.jpg,0.0
annotated_face\nonface\image266.jpg,0.0
annotated_face\nonface\image267.jpg,0.0
annotated_face\nonface\image268.jpg,0.0
annotated_face\nonface\image269.jpg,0.0
annotated_face\nonface\image27.jpg,0.0
annotated_face\nonface\image270.jpg,0.0
annotated_face\nonface\image271.jpg,0.0
annotated_face\nonface\image272.jpg,0.0
annotated_face\nonface\image273.jpg,0.0
annotated_face\nonface\image274.jpg,0.0
annotated_face\nonface\image275.jpg,0.0
annotated_face\nonface\image276.jpg,0.0
annotated_face\nonface\image277.jpg,0.0
annotated_face\nonface\image278.jpg,0.0
annotated_face\nonface\image279.jpg,0.0
annotated_face\nonface\image28.jpg,0.0
annotated_face\nonface\image280.jpg,0.0
annotated_face\nonface\image281.jpg,0.0
annotated_face\nonface\image282.jpg,0.0
annotated_face\nonface\image283.jpg,0.0
annotated_face\nonface\image284.jpg,0.0
annotated_face\nonface\image285.jpg,0.0
annotated_face\nonface\image286.jpg,0.0
annotated_face\nonface\image287.jpg,0.0
annotated_face\nonface\image288.jpg,0.0
annotated_face\nonface\image289.jpg,0.0
annotated_face\nonface\image29.jpg,0.0
annotated_face\nonface\image290.jpg,0.0
annotated_face\nonface\image291.jpg,0.0
annotated_face\nonface\image292.jpg,0.0
annotated_face\nonface\image293.jpg,0.0
annotated_face\nonface\image294.jpg,0.0
annotated_face\nonface\image295.jpg,0.0
annotated_face\nonface\image296.jpg,0.0
annotated_face\nonface\image297.jpg,0.0
annotated_face\nonface\image298.jpg,0.0
annotated_face\nonface\image299.jpg,0.0
annotated_face\nonface\image3.jpg,0.0
annotated_face\nonface\image30.jpg,0.0
annotated_face\nonface\image300.jpg,0.0
annotated_face\nonface\image301.jpg,0.0
annotated_face\nonface\image302.jpg,0.0
annotated_face\nonface\image303.jpg,0.0
annotated_face\nonface\image304.jpg,0.0
annotated_face\nonface\image305.jpg,0.0
annotated_face\nonface\image306.jpg,0.0
annotated_face\nonface\image307.jpg,0.0
annotated_face\nonface\image308.jpg,0.0
annotated_face\nonface\image309.jpg,0.0
annotated_face\nonface\image31.jpg,0.0
annotated_face\nonface\image310.jpg,0.0
annotated_face\nonface\image311.jpg,0.0
annotated_face\nonface\image312.jpg,0.0
annotated_face\nonface\image313.jpg,0.0
annotated_face\nonface\image314.jpg,0.0
annotated_face\nonface\image315.jpg,0.0
annotated_face\nonface\image316.jpg,0.0
annotated_face\nonface\image317.jpg,0.0
annotated_face\nonface\image318.jpg,0.0
annotated_face\nonface\image319.jpg,0.0
annotated_face\nonface\image32.jpg,0.0
annotated_face\nonface\image320.jpg,0.0
annotated_face\nonface\image321.jpg,0.0
annotated_face\nonface\image322.jpg,0.0
annotated_face\nonface\image323.jpg,0.0
annotated_face\nonface\image324.jpg,0.0
annotated_face\nonface\image325.jpg,0.0
annotated_face\nonface\image326.jpg,0.0
annotated_face\nonface\image327.jpg,0.0
annotated_face\nonface\image328.jpg,0.0
annotated_face\nonface\image329.jpg,0.0
annotated_face\nonface\image33.jpg,0.0
annotated_face\nonface\image330.jpg,0.0
annotated_face\nonface\image331.jpg,0.0
annotated_face\nonface\image332.jpg,0.0
annotated_face\nonface\image333.jpg,0.0
annotated_face\nonface\image334.jpg,0.0
annotated_face\nonface\image335.jpg,0.0
annotated_face\nonface\image336.jpg,0.0
annotated_face\nonface\image337.jpg,0.0
annotated_face\nonface\image338.jpg,0.0
annotated_face\nonface\image339.jpg,0.0
annotated_face\nonface\image34.jpg,0.0
annotated_face\nonface\image340.jpg,0.0
annotated_face\nonface\image341.jpg,0.0
annotated_face\nonface\image342.jpg,0.0
annotated_face\nonface\image343.jpg,0.0
annotated_face\nonface\image344.jpg,0.0
annotated_face\nonface\image345.jpg,0.0
annotated_face\nonface\image346.jpg,0.0
annotated_face\nonface\image347.jpg,0.0
annotated_face\nonface\image348.jpg,0.0
annotated_face\nonface\image349.jpg,0.0
annotated_face\nonface\image35.jpg,0.0
annotated_face\nonface\image350.jpg,0.0
annotated_face\nonface\image351.jpg,0.0
annotated_face\nonface\image352.jpg,0.0
annotated_face\nonface\image353.jpg,0.0
annotated_face\nonface\image354.jpg,0.0
annotated_face\nonface\image355.jpg,0.0
annotated_face\nonface\image356.jpg,0.0
annotated_face\nonface\image357.jpg,0.0
annotated_face\nonface\image358.jpg,0.0
annotated_face\nonface\image359.jpg,0.0
annotated_face\nonface\image36.jpg,0.0
annotated_face\nonface\image360.jpg,0.0
annotated_face\nonface\image361.jpg,0.0
annotated_face\nonface\image362.jpg,0.0
annotated_face\nonface\image363.jpg,0.0
annotated_face\nonface\image364.jpg,0.0
annotated_face\nonface\image365.jpg,0.0
annotated_face\nonface\image366.jpg,0.0
annotated_face\nonface\image367.jpg,0.0
annotated_face\nonface\image368.jpg,0.0
annotated_face\nonface\image369.jpg,0.0
annotated_face\nonface\image37.jpg,0.0
annotated_face\nonface\image370.jpg,0.0
annotated_face\nonface\image371.jpg,0.0
annotated_face\nonface\image372.jpg,0.0
annotated_face\nonface\image373.jpg,0.0
annotated_face\nonface\image374.jpg,0.0
annotated_face\nonface\image375.jpg,0.0
annotated_face\nonface\image376.jpg,0.0
annotated_face\nonface\image377.jpg,0.0
annotated_face\nonface\image378.jpg,0.0
annotated_face\nonface\image379.jpg,0.0
annotated_face\nonface\image38.jpg,0.0
annotated_face\nonface\image380.jpg,0.0
annotated_face\nonface\image381.jpg,0.0
annotated_face\nonface\image382.jpg,0.0
annotated_face\nonface\image383.jpg,0.0
annotated_face\nonface\image384.jpg,0.0
annotated_face\nonface\image385.jpg,0.0
annotated_face\nonface\image386.jpg,0.0
annotated_face\nonface\image387.jpg,0.0
annotated_face\nonface\image388.jpg,0.0
annotated_face\nonface\image389.jpg,0.0
annotated_face\nonface\image39.jpg,0.0
annotated_face\nonface\image390.jpg,0.0
annotated_face\nonface\image391.jpg,0.0
annotated_face\nonface\image392.jpg,0.0
annotated_face\nonface\image393.jpg,0.0
annotated_face\nonface\image394.jpg,0.0
annotated_face\nonface\image395.jpg,0.0
annotated_face\nonface\image396.jpg,0.0
annotated_face\nonface\image397.jpg,0.0
annotated_face\nonface\image398.jpg,0.0
annotated_face\nonface\image399.jpg,0.0
annotated_face\nonface\image4.jpg,0.0
annotated_face\nonface\image40.jpg,0.0
annotated_face\nonface\image400.jpg,0.0
annotated_face\nonface\image401.jpg,0.0
annotated_face\nonface\image402.jpg,0.0
annotated_face\nonface\image403.jpg,0.0
annotated_face\nonface\image404.jpg,0.0
annotated_face\nonface\image405.jpg,0.0
annotated_face\nonface\image406.jpg,0.0
annotated_face\nonface\image407.jpg,0.0
annotated_face\nonface\image408.jpg,0.0
annotated_face\nonface\image409.jpg,0.0
annotated_face\nonface\image41.jpg,0.0
annotated_face\nonface\image410.jpg,0.0
annotated_face\nonface\image411.jpg,0.0
annotated_face\nonface\image412.jpg,0.0
annotated_face\nonface\image413.jpg,0.0
annotated_face\nonface\image414.jpg,0.0
annotated_face\nonface\image415.jpg,0.0
annotated_face\nonface\image416.jpg,0.0
annotated_face\nonface\image417.jpg,0.0
annotated_face\nonface\image418.jpg,0.0
annotated_face\nonface\image419.jpg,0.0
annotated_face\nonface\image42.jpg,0.0
annotated_face\nonface\image420.jpg,0.0
annotated_face\nonface\image421.jpg,0.0
annotated_face\nonface\image422.jpg,0.0
annotated_face\nonface\image423.jpg,0.0
annotated_face\nonface\image424.jpg,0.0
annotated_face\nonface\image425.jpg,0.0
annotated_face\nonface\image426.jpg,0.0
annotated_face\nonface\image427.jpg,0.0
annotated_face\nonface\image428.jpg,0.0
annotated_face\nonface\image429.jpg,0.0
annotated_face\nonface\image43.jpg,0.0
annotated_face\nonface\image430.jpg,0.0
annotated_face\nonface\image431.jpg,0.0
annotated_face\nonface\image432.jpg,0.0
annotated_face\nonface\image433.jpg,0.0
annotated_face\nonface\image434.jpg,0.0
annotated_face\nonface\image435.jpg,0.0
annotated_face\nonface\image436.jpg,0.0
annotated_face\nonface\image437.jpg,0.0
annotated_face\nonface\image438.jpg,0.0
annotated_face\nonface\image439.jpg,0.0
annotated_face\nonface\image44.jpg,0.0
annotated_face\nonface\image440.jpg,0.0
annotated_face\nonface\image441.jpg,0.0
annotated_face\nonface\image442.jpg,0.0
annotated_face\nonface\image443.jpg,0.0
annotated_face\nonface\image444.jpg,0.0
annotated_face\nonface\image445.jpg,0.0
annotated_face\nonface\image446.jpg,0.0
annotated_face\nonface\image447.jpg,0.0
annotated_face\nonface\image448.jpg,0.0
annotated_face\nonface\image449.jpg,0.0
annotated_face\nonface\image45.jpg,0.0
annotated_face\nonface\image450.jpg,0.0
annotated_face\nonface\image451.jpg,0.0
annotated_face\nonface\image452.jpg,0.0
annotated_face\nonface\image453.jpg,0.0
annotated_face\nonface\image454.jpg,0.0
annotated_face\nonface\image455.jpg,0.0
annotated_face\nonface\image456.jpg,0.0
annotated_face\nonface\image457.jpg,0.0
annotated_face\nonface\image458.jpg,0.0
annotated_face\nonface\image459.jpg,0.0
annotated_face\nonface\image46.jpg,0.0
annotated_face\nonface\image460.jpg,0.0
annotated_face\nonface\image461.jpg,0.0
annotated_face\nonface\image462.jpg,0.0
annotated_face\nonface\image463.jpg,0.0
annotated_face\nonface\image464.jpg,0.0
annotated_face\nonface\image465.jpg,0.0
annotated_face\nonface\image466.jpg,0.0
annotated_face\nonface\image467.jpg,0.0
annotated_face\nonface\image468.jpg,0.0
annotated_face\nonface\image469.jpg,0.0
annotated_face\nonface\image47.jpg,0.0
annotated_face\nonface\image470.jpg,0.0
annotated_face\nonface\image471.jpg,0.0
annotated_face\nonface\image472.jpg,0.0
annotated_face\nonface\image473.jpg,0.0
annotated_face\nonface\image474.jpg,0.0
annotated_face\nonface\image475.jpg,0.0
annotated_face\nonface\image476.jpg,0.0
annotated_face\nonface\image477.jpg,0.0
annotated_face\nonface\image478.jpg,0.0
annotated_face\nonface\image479.jpg,0.0
annotated_face\nonface\image48.jpg,0.0
annotated_face\nonface\image480.jpg,0.0
annotated_face\nonface\image481.jpg,0.0
annotated_face\nonface\image482.jpg,0.0
annotated_face\nonface\image483.jpg,0.0
annotated_face\nonface\image484.jpg,0.0
annotated_face\nonface\image485.jpg,0.0
annotated_face\nonface\image486.jpg,0.0
annotated_face\nonface\image487.jpg,0.0
annotated_face\nonface\image488.jpg,0.0
annotated_face\nonface\image489.jpg,0.0
annotated_face\nonface\image49.jpg,0.0
annotated_face\nonface\image490.jpg,0.0
annotated_face\nonface\image491.jpg,0.0
annotated_face\nonface\image492.jpg,0.0
annotated_face\nonface\image493.jpg,0.0
annotated_face\nonface\image494.jpg,0.0
annotated_face\nonface\image495.jpg,0.0
annotated_face\nonface\image496.jpg,0.0
annotated_face\nonface\image497.jpg,0.0
annotated_face\nonface\image498.jpg,0.0
annotated_face\nonface\image499.jpg,0.0
annotated_face\nonface\image5.jpg,0.0
annotated_face\nonface\image50.jpg,0.0
annotated_face\nonface\image500.jpg,0.0
annotated_face\nonface\image501.jpg,0.0
annotated_face\nonface\image502.jpg,0.0
annotated_face\nonface\image503.jpg,0.0
annotated_face\nonface\image504.jpg,0.0
annotated_face\nonface\image505.jpg,0.0
annotated_face\nonface\image506.jpg,0.0
annotated_face\nonface\image507.jpg,0.0
annotated_face\nonface\image508.jpg,0.0
annotated_face\nonface\image509.jpg,0.0
annotated_face\nonface\image51.jpg,0.0
annotated_face\nonface\image510.jpg,0.0
annotated_face\nonface\image511.jpg,0.0
annotated_face\nonface\image512.jpg,0.0
annotated_face\nonface\image513.jpg,0.0
annotated_face\nonface\image514.jpg,0.0
annotated_face\nonface\image515.jpg,0.0
annotated_face\nonface\image516.jpg,0.0
annotated_face\nonface\image517.jpg,0.0
annotated_face\nonface\image518.jpg,0.0
annotated_face\nonface\image519.jpg,0.0
annotated_face\nonface\image52.jpg,0.0
annotated_face\nonface\image520.jpg,0.0
annotated_face\nonface\image521.jpg,0.0
annotated_face\nonface\image522.jpg,0.0
annotated_face\nonface\image523.jpg,0.0
annotated_face\nonface\image524.jpg,0.0
annotated_face\nonface\image525.jpg,0.0
annotated_face\nonface\image526.jpg,0.0
annotated_face\nonface\image527.jpg,0.0
annotated_face\nonface\image528.jpg,0.0
annotated_face\nonface\image529.jpg,0.0
annotated_face\nonface\image53.jpg,0.0
annotated_face\nonface\image530.jpg,0.0
annotated_face\nonface\image531.jpg,0.0
annotated_face\nonface\image532.jpg,0.0
annotated_face\nonface\image533.jpg,0.0
annotated_face\nonface\image534.jpg,0.0
annotated_face\nonface\image535.jpg,0.0
annotated_face\nonface\image536.jpg,0.0
annotated_face\nonface\image537.jpg,0.0
annotated_face\nonface\image538.jpg,0.0
annotated_face\nonface\image539.jpg,0.0
annotated_face\nonface\image54.jpg,0.0
annotated_face\nonface\image540.jpg,0.0
annotated_face\nonface\image541.jpg,0.0
annotated_face\nonface\image542.jpg,0.0
annotated_face\nonface\image543.jpg,0.0
annotated_face\nonface\image544.jpg,0.0
annotated_face\nonface\image545.jpg,0.0
annotated_face\nonface\image546.jpg,0.0
annotated_face\nonface\image547.jpg,0.0
annotated_face\nonface\image548.jpg,0.0
annotated_face\nonface\image549.jpg,0.0
annotated_face\nonface\image55.jpg,0.0
annotated_face\nonface\image550.jpg,0.0
annotated_face\nonface\image551.jpg,0.0
annotated_face\nonface\image552.jpg,0.0
annotated_face\nonface\image553.jpg,0.0
annotated_face\nonface\image554.jpg,0.0
annotated_face\nonface\image555.jpg,0.0
annotated_face\nonface\image556.jpg,0.0
annotated_face\nonface\image557.jpg,0.0
annotated_face\nonface\image558.jpg,0.0
annotated_face\nonface\image559.jpg,0.0
annotated_face\nonface\image56.jpg,0.0
annotated_face\nonface\image560.jpg,0.0
annotated_face\nonface\image561.jpg,0.0
annotated_face\nonface\image562.jpg,0.0
annotated_face\nonface\image563.jpg,0.0
annotated_face\nonface\image564.jpg,0.0
annotated_face\nonface\image565.jpg,0.0
annotated_face\nonface\image566.jpg,0.0
annotated_face\nonface\image567.jpg,0.0
annotated_face\nonface\image568.jpg,0.0
annotated_face\nonface\image569.jpg,0.0
annotated_face\nonface\image57.jpg,0.0
annotated_face\nonface\image570.jpg,0.0
annotated_face\nonface\image571.jpg,0.0
annotated_face\nonface\image572.jpg,0.0
annotated_face\nonface\image573.jpg,0.0
annotated_face\nonface\image574.jpg,0.0
annotated_face\nonface\image575.jpg,0.0
annotated_face\nonface\image576.jpg,0.0
annotated_face\nonface\image577.jpg,0.0
annotated_face\nonface\image578.jpg,0.0
annotated_face\nonface\image579.jpg,0.0
annotated_face\nonface\image58.jpg,0.0
annotated_face\nonface\image580.jpg,0.0
annotated_face\nonface\image581.jpg,0.0
annotated_face\nonface\image582.jpg,0.0
annotated_face\nonface\image583.jpg,0.0
annotated_face\nonface\image584.jpg,0.0
annotated_face\nonface\image585.jpg,0.0
annotated_face\nonface\image586.jpg,0.0
annotated_face\nonface\image587.jpg,0.0
annotated_face\nonface\image588.jpg,0.0
annotated_face\nonface\image589.jpg,0.0
annotated_face\nonface\image59.jpg,0.0
annotated_face\nonface\image590.jpg,0.0
annotated_face\nonface\image591.jpg,0.0
annotated_face\nonface\image592.jpg,0.0
annotated_face\nonface\image593.jpg,0.0
annotated_face\nonface\image594.jpg,0.0
annotated_face\nonface\image595.jpg,0.0
annotated_face\nonface\image596.jpg,0.0
annotated_face\nonface\image597.jpg,0.0
annotated_face\nonface\image598.jpg,0.0
annotated_face\nonface\image599.jpg,0.0
annotated_face\nonface\image6.jpg,0.0
annotated_face\nonface\image60.jpg,0.0
annotated_face\nonface\image600.jpg,0.0
annotated_face\nonface\image601.jpg,0.0
annotated_face\nonface\image602.jpg,0.0
annotated_face\nonface\image603.jpg,0.0
annotated_face\nonface\image604.jpg,0.0
annotated_face\nonface\image605.jpg,0.0
annotated_face\nonface\image606.jpg,0.0
annotated_face\nonface\image607.jpg,0.0
annotated_face\nonface\image608.jpg,0.0
annotated_face\nonface\image609.jpg,0.0
annotated_face\nonface\image61.jpg,0.0
annotated_face\nonface\image610.jpg,0.0
annotated_face\nonface\image611.jpg,0.0
annotated_face\nonface\image612.jpg,0.0
annotated_face\nonface\image613.jpg,0.0
annotated_face\nonface\image614.jpg,0.0
annotated_face\nonface\image615.jpg,0.0
annotated_face\nonface\image616.jpg,0.0
annotated_face\nonface\image617.jpg,0.0
annotated_face\nonface\image618.jpg,0.0
annotated_face\nonface\image619.jpg,0.0
annotated_face\nonface\image62.jpg,0.0
annotated_face\nonface\image620.jpg,0.0
annotated_face\nonface\image621.jpg,0.0
annotated_face\nonface\image622.jpg,0.0
annotated_face\nonface\image623.jpg,0.0
annotated_face\nonface\image624.jpg,0.0
annotated_face\nonface\image625.jpg,0.0
annotated_face\nonface\image626.jpg,0.0
annotated_face\nonface\image627.jpg,0.0
annotated_face\nonface\image628.jpg,0.0
annotated_face\nonface\image629.jpg,0.0
annotated_face\nonface\image63.jpg,0.0
annotated_face\nonface\image630.jpg,0.0
annotated_face\nonface\image631.jpg,0.0
annotated_face\nonface\image632.jpg,0.0
annotated_face\nonface\image633.jpg,0.0
annotated_face\nonface\image634.jpg,0.0
annotated_face\nonface\image635.jpg,0.0
annotated_face\nonface\image636.jpg,0.0
annotated_face\nonface\image637.jpg,0.0
annotated_face\nonface\image638.jpg,0.0
annotated_face\nonface\image639.jpg,0.0
annotated_face\nonface\image64.jpg,0.0
annotated_face\nonface\image640.jpg,0.0
annotated_face\nonface\image641.jpg,0.0
annotated_face\nonface\image642.jpg,0.0
annotated_face\nonface\image643.jpg,0.0
annotated_face\nonface\image644.jpg,0.0
annotated_face\nonface\image645.jpg,0.0
annotated_face\nonface\image646.jpg,0.0
annotated_face\nonface\image647.jpg,0.0
annotated_face\nonface\image648.jpg,0.0
annotated_face\nonface\image649.jpg,0.0
annotated_face\nonface\image65.jpg,0.0
annotated_face\nonface\image650.jpg,0.0
annotated_face\nonface\image651.jpg,0.0
annotated_face\nonface\image652.jpg,0.0
annotated_face\nonface\image653.jpg,0.0
annotated_face\nonface\image654.jpg,0.0
annotated_face\nonface\image655.jpg,0.0
annotated_face\nonface\image656.jpg,0.0
annotated_face\nonface\image657.jpg,0.0
annotated_face\nonface\image658.jpg,0.0
annotated_face\nonface\image659.jpg,0.0
annotated_face\nonface\image66.jpg,0.0
annotated_face\nonface\image660.jpg,0.0
annotated_face\nonface\image661.jpg,0.0
annotated_face\nonface\image662.jpg,0.0
annotated_face\nonface\image663.jpg,0.0
annotated_face\nonface\image664.jpg,0.0
annotated_face\nonface\image665.jpg,0.0
annotated_face\nonface\image666.jpg,0.0
annotated_face\nonface\image667.jpg,0.0
annotated_face\nonface\image668.jpg,0.0
annotated_face\nonface\image669.jpg,0.0
annotated_face\nonface\image67.jpg,0.0
annotated_face\nonface\image670.jpg,0.0
annotated_face\nonface\image671.jpg,0.0
annotated_face\nonface\image672.jpg,0.0
annotated_face\nonface\image673.jpg,0.0
annotated_face\nonface\image674.jpg,0.0
annotated_face\nonface\image675.jpg,0.0
annotated_face\nonface\image676.jpg,0.0
annotated_face\nonface\image677.jpg,0.0
annotated_face\nonface\image678.jpg,0.0
annotated_face\nonface\image679.jpg,0.0
annotated_face\nonface\image68.jpg,0.0
annotated_face\nonface\image680.jpg,0.0
annotated_face\nonface\image681.jpg,0.0
annotated_face\nonface\image682.jpg,0.0
annotated_face\nonface\image683.jpg,0.0
annotated_face\nonface\image684.jpg,0.0
annotated_face\nonface\image685.jpg,0.0
annotated_face\nonface\image686.jpg,0.0
annotated_face\nonface\image687.jpg,0.0
annotated_face\nonface\image688.jpg,0.0
annotated_face\nonface\image689.jpg,0.0
annotated_face\nonface\image69.jpg,0.0
annotated_face\nonface\image690.jpg,0.0
annotated_face\nonface\image691.jpg,0.0
annotated_face\nonface\image692.jpg,0.0
annotated_face\nonface\image693.jpg,0.0
annotated_face\nonface\image694.jpg,0.0
annotated_face\nonface\image695.jpg,0.0
annotated_face\nonface\image696.jpg,0.0
annotated_face\nonface\image697.jpg,0.0
annotated_face\nonface\image698.jpg,0.0
annotated_face\nonface\image699.jpg,0.0
annotated_face\nonface\image7.jpg,0.0
annotated_face\nonface\image70.jpg,0.0
annotated_face\nonface\image700.jpg,0.0
annotated_face\nonface\image701.jpg,0.0
annotated_face\nonface\image702.jpg,0.0
annotated_face\nonface\image703.jpg,0.0
annotated_face\nonface\image704.jpg,0.0
annotated_face\nonface\image705.jpg,0.0
annotated_face\nonface\image706.jpg,0.0
annotated_face\nonface\image707.jpg,0.0
annotated_face\nonface\image708.jpg,0.0
annotated_face\nonface\image709.jpg,0.0
annotated_face\nonface\image71.jpg,0.0
annotated_face\nonface\image710.jpg,0.0
annotated_face\nonface\image711.jpg,0.0
annotated_face\nonface\image712.jpg,0.0
annotated_face\nonface\image713.jpg,0.0
annotated_face\nonface\image714.jpg,0.0
annotated_face\nonface\image715.jpg,0.0
annotated_face\nonface\image716.jpg,0.0
annotated_face\nonface\image717.jpg,0.0
annotated_face\nonface\image718.jpg,0.0
annotated_face\nonface\image719.jpg,0.0
annotated_face\nonface\image72.jpg,0.0
annotated_face\nonface\image720.jpg,0.0
annotated_face\nonface\image721.jpg,0.0
annotated_face\nonface\image722.jpg,0.0
annotated_face\nonface\image723.jpg,0.0
annotated_face\nonface\image724.jpg,0.0
annotated_face\nonface\image725.jpg,0.0
annotated_face\nonface\image726.jpg,0.0
annotated_face\nonface\image727.jpg,0.0
annotated_face\nonface\image728.jpg,0.0
annotated_face\nonface\image729.jpg,0.0
annotated_face\nonface\image73.jpg,0.0
annotated_face\nonface\image730.jpg,0.0
annotated_face\nonface\image731.jpg,0.0
annotated_face\nonface\image732.jpg,0.0
annotated_face\nonface\image733.jpg,0.0
annotated_face\nonface\image734.jpg,0.0
annotated_face\nonface\image735.jpg,0.0
annotated_face\nonface\image736.jpg,0.0
annotated_face\nonface\image737.jpg,0.0
annotated_face\nonface\image738.jpg,0.0
annotated_face\nonface\image739.jpg,0.0
annotated_face\nonface\image74.jpg,0.0
annotated_face\nonface\image740.jpg,0.0
annotated_face\nonface\image741.jpg,0.0
annotated_face\nonface\image742.jpg,0.0
annotated_face\nonface\image743.jpg,0.0
annotated_face\nonface\image744.jpg,0.0
annotated_face\nonface\image745.jpg,0.0
annotated_face\nonface\image746.jpg,0.0
annotated_face\nonface\image747.jpg,0.0
annotated_face\nonface\image748.jpg,0.0
annotated_face\nonface\image749.jpg,0.0
annotated_face\nonface\image75.jpg,0.0
annotated_face\nonface\image750.jpg,0.0
annotated_face\nonface\image751.jpg,0.0
annotated_face\nonface\image752.jpg,0.0
annotated_face\nonface\image753.jpg,0.0
annotated_face\nonface\image754.jpg,0.0
annotated_face\nonface\image755.jpg,0.0
annotated_face\nonface\image756.jpg,0.0
annotated_face\nonface\image757.jpg,0.0
annotated_face\nonface\image758.jpg,0.0
annotated_face\nonface\image759.jpg,0.0
annotated_face\nonface\image76.jpg,0.0
annotated_face\nonface\image760.jpg,0.0
annotated_face\nonface\image761.jpg,0.0
annotated_face\nonface\image762.jpg,0.0
annotated_face\nonface\image763.jpg,0.0
annotated_face\nonface\image764.jpg,0.0
annotated_face\nonface\image765.jpg,0.0
annotated_face\nonface\image766.jpg,0.0
annotated_face\nonface\image767.jpg,0.0
annotated_face\nonface\image768.jpg,0.0
annotated_face\nonface\image769.jpg,0.0
annotated_face\nonface\image77.jpg,0.0
annotated_face\nonface\image770.jpg,0.0
annotated_face\nonface\image771.jpg,0.0
annotated_face\nonface\image772.jpg,0.0
annotated_face\nonface\image773.jpg,0.0
annotated_face\nonface\image774.jpg,0.0
annotated_face\nonface\image775.jpg,0.0
annotated_face\nonface\image776.jpg,0.0
annotated_face\nonface\image777.jpg,0.0
annotated_face\nonface\image778.jpg,0.0
annotated_face\nonface\image779.jpg,0.0
annotated_face\nonface\image78.jpg,0.0
annotated_face\nonface\image780.jpg,0.0
annotated_face\nonface\image781.jpg,0.0
annotated_face\nonface\image782.jpg,0.0
annotated_face\nonface\image783.jpg,0.0
annotated_face\nonface\image784.jpg,0.0
annotated_face\nonface\image785.jpg,0.0
annotated_face\nonface\image786.jpg,0.0
annotated_face\nonface\image787.jpg,0.0
annotated_face\nonface\image788.jpg,0.0
annotated_face\nonface\image789.jpg,0.0
annotated_face\nonface\image79.jpg,0.0
annotated_face\nonface\image790.jpg,0.0
annotated_face\nonface\image791.jpg,0.0
annotated_face\nonface\image792.jpg,0.0
annotated_face\nonface\image793.jpg,0.0
annotated_face\nonface\image794.jpg,0.0
annotated_face\nonface\image795.jpg,0.0
annotated_face\nonface\image796.jpg,0.0
annotated_face\nonface\image797.jpg,0.0
annotated_face\nonface\image798.jpg,0.0
annotated_face\nonface\image799.jpg,0.0
annotated_face\nonface\image8.jpg,0.0
annotated_face\nonface\image80.jpg,0.0
annotated_face\nonface\image800.jpg,0.0
annotated_face\nonface\image801.jpg,0.0
annotated_face\nonface\image802.jpg,0.0
annotated_face\nonface\image803.jpg,0.0
annotated_face\nonface\image804.jpg,0.0
annotated_face\nonface\image805.jpg,0.0
annotated_face\nonface\image806.jpg,0.0
annotated_face\nonface\image807.jpg,0.0
annotated_face\nonface\image808.jpg,0.0
annotated_face\nonface\image809.jpg,0.0
annotated_face\nonface\image81.jpg,0.0
annotated_face\nonface\image810.jpg,0.0
annotated_face\nonface\image811.jpg,0.0
annotated_face\nonface\image812.jpg,0.0
annotated_face\nonface\image813.jpg,0.0
annotated_face\nonface\image814.jpg,0.0
annotated_face\nonface\image815.jpg,0.0
annotated_face\nonface\image816.jpg,0.0
annotated_face\nonface\image817.jpg,0.0
annotated_face\nonface\image818.jpg,0.0
annotated_face\nonface\image819.jpg,0.0
annotated_face\nonface\image82.jpg,0.0
annotated_face\nonface\image820.jpg,0.0
annotated_face\nonface\image821.jpg,0.0
annotated_face\nonface\image822.jpg,0.0
annotated_face\nonface\image823.jpg,0.0
annotated_face\nonface\image824.jpg,0.0
annotated_face\nonface\image825.jpg,0.0
annotated_face\nonface\image826.jpg,0.0
annotated_face\nonface\image827.jpg,0.0
annotated_face\nonface\image828.jpg,0.0
annotated_face\nonface\image829.jpg,0.0
annotated_face\nonface\image83.jpg,0.0
annotated_face\nonface\image830.jpg,0.0
annotated_face\nonface\image831.jpg,0.0
annotated_face\nonface\image832.jpg,0.0
annotated_face\nonface\image833.jpg,0.0
annotated_face\nonface\image834.jpg,0.0
annotated_face\nonface\image835.jpg,0.0
annotated_face\nonface\image836.jpg,0.0
annotated_face\nonface\image837.jpg,0.0
annotated_face\nonface\image838.jpg,0.0
annotated_face\nonface\image839.jpg,0.0
annotated_face\nonface\image84.jpg,0.0
annotated_face\nonface\image840.jpg,0.0
annotated_face\nonface\image841.jpg,0.0
annotated_face\nonface\image842.jpg,0.0
annotated_face\nonface\image843.jpg,0.0
annotated_face\nonface\image844.jpg,0.0
annotated_face\nonface\image845.jpg,0.0
annotated_face\nonface\image846.jpg,0.0
annotated_face\nonface\image847.jpg,0.0
annotated_face\nonface\image848.jpg,0.0
annotated_face\nonface\image849.jpg,0.0
annotated_face\nonface\image85.jpg,0.0
annotated_face\nonface\image850.jpg,0.0
annotated_face\nonface\image851.jpg,0.0
annotated_face\nonface\image852.jpg,0.0
annotated_face\nonface\image853.jpg,0.0
annotated_face\nonface\image854.jpg,0.0
annotated_face\nonface\image855.jpg,0.0
annotated_face\nonface\image856.jpg,0.0
annotated_face\nonface\image857.jpg,0.0
annotated_face\nonface\image858.jpg,0.0
annotated_face\nonface\image859.jpg,0.0
annotated_face\nonface\image86.jpg,0.0
annotated_face\nonface\image860.jpg,0.0
annotated_face\nonface\image861.jpg,0.0
annotated_face\nonface\image862.jpg,0.0
annotated_face\nonface\image863.jpg,0.0
annotated_face\nonface\image864.jpg,0.0
annotated_face\nonface\image865.jpg,0.0
annotated_face\nonface\image866.jpg,0.0
annotated_face\nonface\image867.jpg,0.0
annotated_face\nonface\image868.jpg,0.0
annotated_face\nonface\image869.jpg,0.0
annotated_face\nonface\image87.jpg,0.0
annotated_face\nonface\image870.jpg,0.0
annotated_face\nonface\image871.jpg,0.0
annotated_face\nonface\image872.jpg,0.0
annotated_face\nonface\image873.jpg,0.0
annotated_face\nonface\image874.jpg,0.0
annotated_face\nonface\image875.jpg,0.0
annotated_face\nonface\image876.jpg,0.0
annotated_face\nonface\image877.jpg,0.0
annotated_face\nonface\image878.jpg,0.0
annotated_face\nonface\image879.jpg,0.0
annotated_face\nonface\image88.jpg,0.0
annotated_face\nonface\image880.jpg,0.0
annotated_face\nonface\image881.jpg,0.0
annotated_face\nonface\image882.jpg,0.0
annotated_face\nonface\image883.jpg,0.0
annotated_face\nonface\image884.jpg,0.0
annotated_face\nonface\image885.jpg,0.0
annotated_face\nonface\image886.jpg,0.0
annotated_face\nonface\image887.jpg,0.0
annotated_face\nonface\image888.jpg,0.0
annotated_face\nonface\image889.jpg,0.0
annotated_face\nonface\image89.jpg,0.0
annotated_face\nonface\image890.jpg,0.0
annotated_face\nonface\image891.jpg,0.0
annotated_face\nonface\image892.jpg,0.0
annotated_face\nonface\image893.jpg,0.0
annotated_face\nonface\image894.jpg,0.0
annotated_face\nonface\image895.jpg,0.0
annotated_face\nonface\image896.jpg,0.0
annotated_face\nonface\image897.jpg,0.0
annotated_face\nonface\image898.jpg,0.0
annotated_face\nonface\image899.jpg,0.0
annotated_face\nonface\image9.jpg,0.0
annotated_face\nonface\image90.jpg,0.0
annotated_face\nonface\image900.jpg,0.0
annotated_face\nonface\image901.jpg,0.0
annotated_face\nonface\image902.jpg,0.0
annotated_face\nonface\image903.jpg,0.0
annotated_face\nonface\image904.jpg,0.0
annotated_face\nonface\image905.jpg,0.0
annotated_face\nonface\image906.jpg,0.0
annotated_face\nonface\image907.jpg,0.0
annotated_face\nonface\image908.jpg,0.0
annotated_face\nonface\image909.jpg,0.0
annotated_face\nonface\image91.jpg,0.0
annotated_face\nonface\image910.jpg,0.0
annotated_face\nonface\image911.jpg,0.0
annotated_face\nonface\image912.jpg,0.0
annotated_face\nonface\image913.jpg,0.0
annotated_face\nonface\image914.jpg,0.0
annotated_face\nonface\image915.jpg,0.0
annotated_face\nonface\image916.jpg,0.0
annotated_face\nonface\image917.jpg,0.0
annotated_face\nonface\image918.jpg,0.0
annotated_face\nonface\image919.jpg,0.0
annotated_face\nonface\image92.jpg,0.0
annotated_face\nonface\image920.jpg,0.0
annotated_face\nonface\image921.jpg,0.0
annotated_face\nonface\image922.jpg,0.0
annotated_face\nonface\image923.jpg,0.0
annotated_face\nonface\image924.jpg,0.0
annotated_face\nonface\image925.jpg,0.0
annotated_face\nonface\image926.jpg,0.0
annotated_face\nonface\image927.jpg,0.0
annotated_face\nonface\image928.jpg,0.0
annotated_face\nonface\image929.jpg,0.0
annotated_face\nonface\image93.jpg,0.0
annotated_face\nonface\image930.jpg,0.0
annotated_face\nonface\image931.jpg,0.0
annotated_face\nonface\image932.jpg,0.0
annotated_face\nonface\image933.jpg,0.0
annotated_face\nonface\image934.jpg,0.0
annotated_face\nonface\image935.jpg,0.0
annotated_face\nonface\image936.jpg,0.0
annotated_face\nonface\image937.jpg,0.0
annotated_face\nonface\image938.jpg,0.0
annotated_face\nonface\image939.jpg,0.0
annotated_face\nonface\image94.jpg,0.0
annotated_face\nonface\image940.jpg,0.0
annotated_face\nonface\image941.jpg,0.0
annotated_face\nonface\image942.jpg,0.0
annotated_face\nonface\image943.jpg,0.0
annotated_face\nonface\image944.jpg,0.0
annotated_face\nonface\image945.jpg,0.0
annotated_face\nonface\image946.jpg,0.0
annotated_face\nonface\image947.jpg,0.0
annotated_face\nonface\image948.jpg,0.0
annotated_face\nonface\image949.jpg,0.0
annotated_face\nonface\image95.jpg,0.0
annotated_face\nonface\image950.jpg,0.0
annotated_face\nonface\image951.jpg,0.0
annotated_face\nonface\image952.jpg,0.0
annotated_face\nonface\image953.jpg,0.0
annotated_face\nonface\image954.jpg,0.0
annotated_face\nonface\image955.jpg,0.0
annotated_face\nonface\image956.jpg,0.0
annotated_face\nonface\image957.jpg,0.0
annotated_face\nonface\image958.jpg,0.0
annotated_face\nonface\image959.jpg,0.0
annotated_face\nonface\image96.jpg,0.0
annotated_face\nonface\image960.jpg,0.0
annotated_face\nonface\image961.jpg,0.0
annotated_face\nonface\image962.jpg,0.0
annotated_face\nonface\image963.jpg,0.0
annotated_face\nonface\image964.jpg,0.0
annotated_face\nonface\image965.jpg,0.0
annotated_face\nonface\image966.jpg,0.0
annotated_face\nonface\image967.jpg,0.0
annotated_face\nonface\image968.jpg,0.0
annotated_face\nonface\image969.jpg,0.0
annotated_face\nonface\image97.jpg,0.0
annotated_face\nonface\image970.jpg,0.0
annotated_face\nonface\image971.jpg,0.0
annotated_face\nonface\image972.jpg,0.0
annotated_face\nonface\image973.jpg,0.0
annotated_face\nonface\image974.jpg,0.0
annotated_face\nonface\image975.jpg,0.0
annotated_face\nonface\image976.jpg,0.0
annotated_face\nonface\image977.jpg,0.0
annotated_face\nonface\image978.jpg,0.0
annotated_face\nonface\image979.jpg,0.0
annotated_face\nonface\image98.jpg,0.0
annotated_face\nonface\image980.jpg,0.0
annotated_face\nonface\image981.jpg,0.0
annotated_face\nonface\image982.jpg,0.0
annotated_face\nonface\image983.jpg,0.0
annotated_face\nonface\image984.jpg,0.0
annotated_face\nonface\image985.jpg,0.0
annotated_face\nonface\image986.jpg,0.0
annotated_face\nonface\image987.jpg,0.0
annotated_face\nonface\image988.jpg,0.0
annotated_face\nonface\image989.jpg,0.0
annotated_face\nonface\image99.jpg,0.0
annotated_face\nonface\image990.jpg,0.0
annotated_face\nonface\image991.jpg,0.0
annotated_face\nonface\image992.jpg,0.0
annotated_face\nonface\image993.jpg,0.0
annotated_face\nonface\image994.jpg,0.0
annotated_face\nonface\image995.jpg,0.0
annotated_face\nonface\image996.jpg,0.0
annotated_face\nonface\image997.jpg,0.0
annotated_face\nonface\image998.jpg,0.0
annotated_face\nonface\image999.jpg,0.0
